0,☕ The Process Shirt And/Or ☕ The Dream Shirt
1,Grilling Traditions 3-Piece Pizza Stone Set
2,18K Gold-Plated Heart Pendant with Diamond (1 Sapphire OR 1 Sapphire & 1 Ruby)
3,Primula Cold Brew Coffee Maker with 2 Travel Brewers
4,Portable Echo Dot Speaker Dock with Power Bank
5,2-for-Tuesday: Power Precision Sous Vide with Bonus Cooking Rack
6,Rowkin Bit Charge Stereo Bluetooth Earbuds
7,"6-Pack: 50""x60"" Fleece Blankets With Or Without Meh Logo"
8,3-Pack: Model Technics Metal Puzzles
9,CBD Gummy Bears (Regular or Sour)
10,Lovesac Sactionals for Kids & Pets
11,Pure Enrichment Hume Ultrasonic Cool Mist Humidifier
12,3-for-Tuesday: Wahl Ceramic & Gel Hot and Cold Pack
13,KitchenAid 3.5 Cup Food Chopper & Processor
14,Free Hugs Shirt by ApeLad
15,440-Pack: Instant Eye-Shadow
16,GoTrax Hoverfly Hoverboards
17,"U.S. Polo Assn 21"" Hard-Sided Luggage or 30"" Duffels"
18,9-or-17-or-54-Pack: 6-Blade Shaving Razor Bundles
19,4-for-Tuesday: Hudson & Mane Hair Fiber Bundles
20,160-Pack Fidget Spinners
21,Casemates Octopus Shirt
22,Hobbico Flitt Selfie Drone
23,iRobot Roomba 650 Robotic Vacuum (Refurbished)
24,6-Pack: Pop Lights Halloween Treat Bags with LED Lights
25,15-channel 1:14 scale R/C Excavator with Metal Shovel
26,"4-or-24-for-Tuesday: 50""x60"" Fleece Blankets"
27,"HP 14"" Chromebook (Refurbished)"
28,Meh Cat Shirt: Loafing or Loathing?
29,Odyssey Stellar NX Drone Bundle with Mini Drone and VR Headset
30,Cuisinart Waring Pro Blade Variable Speed 2-HP Blender
31,Canton & Hall Watches
32,Pogocam Wearable HD Camera with Pogotrack Sunglasses
33,5-for-Tuesday: SmartStand Compact Phone & Tablet Stands
34,SharkFLEX DuoClean Corded Ultra-Light Vacuum
35,Faces of Meh Shirt
36,Xsories Sneaker Power Bank and Dual USB Charger
37,Envic Unlocked Android Phone & Smartwatch Bundle
38,5-Pack: EuroSock Premium Athletic Socks
39,Chef Sifu 4QT XL Air Fryer
40,2-for-Tuesday: Posture PT Portable Posture Trainers
41,40-pack or 160-Pack: Fidget Spinners
42,Stealth Meh or Stealth Mediocre Shirt
43,4-Pack: Wicked Cutz Premium Jerky
44,GoWise Ultimate Flashlight Bundle
45,360FLY 360-Degree HD Action Camera
46,Unsimply Stitched 3-Pack Socks
47,2-for-Tuesday: Compact 121-Piece First Aid Medical Kit
48,3-Pack: Lynx 1080p Security Cameras with Facial Recognition
49,42-Pack Gift Bags
50,2-Pack or 12-Pack: Dr. Cool Cooling Towels
51,LG 1000W RMS Hi-Fi Entertainment & Karaoke System
52,Rowkin Bit Stereo True Wireless Bluetooth Earbuds
53,KeySmart Aluminum with Expansion Pack Or KeySmart Pro with Tile
54,2-for-Tuesday: Zmodo MeShare 720P Wifi Cameras
55,Lovesac Sactionals for Kids & Pets
56,"The ""Boo, Summer Is Over"" Bundle"
57,3-Pack: Violife Slim Sonic Toothbrushes
58,Panasonic Wet/Dry Shaver & Epilator
59,FoodSaver Vacuum Sealing System with Starter Kit (Refurbished)
60,3-Pack: Wet Brush Bundle
61,2-for-Tuesday: Adrienne Vittadini Charging Wallets with RFID Protection
62,"iJoy 10,000 mAh Jump Starter Kit"
63,Pacific Pearl Treasure Island Gemstone and Pearl Necklace & Bracelet Set
64,dbest 4-in-1 Rolling Luggage/Duffel/Backpack/Dolly
65,Cool-Living Adjustable Stand Up Desk
66,"HP 15.6"" Laptop w/Pentium Quad-Core Processor, 4GB SDRAM & 1TB HDD (refurbished)"
67,13-or-54-Pack: 6-Blade Shaving Razor Bundles
68,4-Pack: Portable Solar & Hand Crank LED Flashlight/Lanterns
69,Ninja 3-in-1 Intelli-Sense Kitchen System with Auto-iQ
70,2-Pack: C.R.K.T. Ruger Go-N-Heavy Compact VEFF Serrated Knives
71,Coquelicots Ceramic Bath Ensemble
72,3-Pack: Wahl Ceramic & Gel Hot and Cold Packs
73,PureGlow Crystal 2-in-1 Himalayan Salt Lamp & Ultrasonic Essential Oil Diffuser
74,Ray-Ban Eyeglasses
75,2-for-Tuesday: Motorola 1080P Wifi Cameras with Smart Tag
76,Rock Solid Dual Motion Whole Body Vibration Fitness Machine
77,"M Cushion 18"" Heated Shiatsu Massage Pillow with Bonus Decor Pillow"
78,Single or 2-Pack: Starfrit 6-in-1 Tongs
79,Copper Cook 8-Piece Nonstick Copper Pan Set
80,3-Pack: Dr. Cool Chill Sport Cooling Towel
81,12-Pack: Zeke Men's Socks
82,8-or-64-for-Tuesday: TeenyMates WWE Mystery Bags
83,Thule Unisex Legend Backpack with Crushproof GoPro Storage
84,5-Pack: Smart Stand Compact Phone & Tablet Stands
85,2-Pack or 10-Pack: Xsories 6000mAh Power Banks
86,Comfee Personal Blender with Two 20oz Tritan Sports Bottles
87,Polar Heart Rate Monitor
88,Primula Cold Brew Coffee Maker Bundle
89,2-for-Tuesday: Forehead and Ear Digital Instant-Read Thermometers
90,iRobot Roomba 805 Vacuum Cleaning Robot (Refurbished)
91,NOTILUS Antimicrobial 3-in-1 Rain Shower Spa Combo
92,Saturday Slob Kit
93,Canon EOS Rebel T6i Bundle
94,ProCabello 5-Piece Straightener and Styler Set with Shine and Hold Spray
95,Pure Daily Care Aromatherapy Diffuser with 6 Essential Oils
96,4-for-Tuesday: Primula 20oz Insulated Mugs
97,Pacific Pearls Genuine Mother of Pearl Double-Strand Necklace
98,2-Pack: Maroo ICE Collection Earphones
99,4- or 16-pack: 28oz Sportmixer Blender Bottle
100,Ninja 3-in-1 Intelli-Sense Kitchen System with Auto-IQ
101,FoodSaver FM2000 Vacuum Sealing System with Starter Kit (Refurbished)
102,Cyntur JumperPack Mini Lithium-Ion Jumpstarter
103,4-for-Tuesday: 6-Outlet Surge Protectors with 2 USB Ports and Anchor Screw
104,e-Go Audiobooks (550 classics on 32GB drive / 125 kids classics on 8GB drive)
105,SOG 3-Piece Stainless Steel Adventure Kit
106,The Too-Cheap-To-Upgrade Bundle
107,"FUL Flex Mini Hybrid Rolling 21"" Carry-On Duffel"
108,Odyssey Stellar NX Drone Bundle with Mini Drone and VR Headset
109,6-Pack: Men's Funky Socks
110,2-for-Tuesday: Bamboo Memory Foam Travel Pillows
111,Nespresso Vertuo Espresso & Coffee Machine with Milk Frother (Refurbished)
112,Hamilton Beach 6qt Sous Vide Water Oven & Slow Cooker
113,The ¯\_(ツ)_/¯  Bundle
114,96 or 192-Pack: Eveready AA SHD Batteries
115,2-or-12-Pack: Nature's Way Fortify Gummy Probiotics
116,Yukon Outfitters Defender 1000-Lumen Flashlight
117,2-for-Tuesday: Bauhn Sweatproof  Bluetooth Sport Headphones with Case
118,Ray-Ban Eyeglasses
119,"Speaker Dock, um, Sunday?: Hale Speaker Dock"
120,The Subtle Not-Super-Pushy Soccer Star Kit
121,Zen Logic Wireless Speaker/Power Bank Bundles
122,3-Pack: Freeze Glasses
123,Fukobukuro Shirt & Empty Fukobukuro Bag
124,2-for-Tuesday: LUX 5-in-1 Lens Kits
125,Meh's 4th Birthday: The Final Fukobukuro
126,"4-Pack: 2 Meh Pillows, 1 Meh Tumbler & 1 Random Shirt"
127,Winix 4-Stage True HEPA Air Cleaner (Refurbished)
128,2-Pack: CRKT Ruger Go-N-Heavy Compact Veff Serrated Knives
129,4-in-1 Rolling Luggage/Duffel/Backpack/Dolly
130,Nespresso Vertuo Espresso & Coffee Machine (Refurbished)
131,2-for-Tuesday: Charcoal Teeth Whitener and/or Peel-Off Mask
132,Ella Jayne Hotel Comforters
133,2-Pack: Bluetooth Eye Masks
134,Hugs Puff Pad Self-Inflating Pet Bed
135,Martian mVoice and mVIP Smartwatches
136,FoodSaver V3230 Vacuum Sealing System (Refurbished)
137,5-Pack: Model Technics Metal Puzzles
138,2-for-Tuesday: Little Griddle ANYWARE Ceramic Cast Aluminum Skillets
139,Shark DuoClean Powered Lift-Away Speed Upright Vacuum
140,Copper Cook 6-in-1 Pan Set
141,10-Pack: TeenyMates WWE Mystery Bags
142,Martian Mvoice Smartwatch with Alexa
143,PCHLife Premium TENS Pulse Massager with Sandals
144,Cleanuts Laundry Nuts and Eco-Fluff Dryer Balls
145,"4-for-Tuesday: Xsories 9,000mAh Sneaker Power Bank"
146,Canon PIXMA MG3022 Wireless Inkjet All-in-One Printer
147,144 Pieces of Caffeinated Power Gum
148,3-Pack: Eye Majic Select-16 Eyeshadow Application Variety Pack
149,Martian mVIP Smartwatch with Fitness Tracker
150,"M Cushion 18"" Heated Shiatsu Massage Pillow with Bonus Decor Pillow"
151,2-or-12-Pack: Nature's Way Fortify Gummy Probiotics
152,2-for-Tuesday: Cotton Touch Microfiber Sheet Sets
153,Weber iDevices Dual Probe Smart Food Thermometer
154,Batband Ear-Free Wireless Hearable
155,3-Pack: Enerplex Stackable Power Banks
156,Martian Mvoice Smartwatch with Alexa
157,3-Pack: Pro Wet Brushes
158,32-Pack: Teenymates WWE Blind Bags with 2 Figurines Each
159,2-for-Tuesday: Maroo ICE Collection Earphones for Women
160,Big Boss 700W Big-Mouth Juicer
161,Kai Inspire 5-Piece Cutlery Set
162,Getaway Driver Bundle
163,4-Pack: PressDome Vacuum Seal Plate Covers
164,96 or 192-Pack: Eveready AA Super Heavy Duty Batteries
165,Hamilton Beach 6qt Sous Vide Water Oven & Slow Cooker
166,2-for-Tuesday: Starfrit Tonglite
167,Your Choice SimpliSafe Shield Security Systems
168,2-Pack: Sabre Pepper Spray & Personal Alarm Safety Kits
169,"4-Pack: JIT 3-in-1 Charger, Flashlight & Lighter Keychain"
170,2-Pack: Dorcy Pro Series AC/DC Rechargeable Portable Work Light
171,2-Pack: Memory Foam Knee Pillow
172,Zmodo Pivot 1080p 360° WiFi Camera with Smarthub and Window Sensors
173,2-for-Tuesday: Your Choice Igloo 24oz Water Bottle or 16oz Steel Tumbler
174,Shark Duo Clean Lift-Away Vacuum with Powered Head
175,ALC Connect Home and Office Security System
176,2-Pack: Silvercrest Activity Trackers
177,Caravelle NY by Bulova Ladies Watch
178,3-Pack: Unsimply Stitched Socks
179,Ray-Ban Eyeglasses
180,2-for-Tuesday: 2-in-1 Lucky Leash Retractable Dog Harnesses/Leashes
181,100-Pack: ToughBag 55-Gallon Trash Bags
182,"HP 14"" Stream Laptop PC (Refurbished)"
183,144 Pieces of Caffeinated Power Gum
184,Braven XXL Portable Outdoor Bluetooth Speaker (Refurbished)
185,Life Gear Survival Flashlight Multi-Tool & Dorcy Headlamp with Tripod
186,Samsung Galaxy TAB A 32GB (16GB + 16GB microSD) Tablet with 8-inch Screen
187,2-for-Tuesday: LUX 5-in-1 Lens Kits
188,Fondoodler
189,Megan Walford Heart Pendants
190,25 Marvel or DC Comic Books With At Least 8 Avengers Character Books
191,PureZone 3-in-1 True HEPA Air Purifier with UV-C Light
192,Motorola Smart Scale
193,Pacific Pearls 5-in-1 Gemstone & Pearl Lariat
194,2-for-Tuesday: Cotton Touch Microfiber Sheet Sets
195,10-Pack: Enerplex Stackable Power Banks (micro-USB or Lightning)
196,Shark 2-in-1 Blast & Scrub Steam Pocket Mop (Refurbished)
197,4-Pack: Beach Front Photoreal PEVA Shower Curtains
198,Hover-1 XLS E-Bike Folding Electric Bike
199,Little Griddle Anywhere Double-Burner Griddle
200,Baroque Pearl Rhodium Silver Charm Bracelet
201,4-for-Tuesday: XYON Triple-Outlet Adapters with Surge & Safety Lock
202,WASPcam ROX Series 4K Action Camera
203,Altchek MD Beauty Bundle
204,2-Pack: Duncan Groove Kendama (Random Color)
205,It's Glen! Custom Socks
206,3-Pack: The Original Wet Brush
207,Thule 21L or 23L Departer Daypack
208,2-for-Tuesday: ProSupps Crash Sleep-Aid (60 servings)
209,Martian mVIP Smartwatch with Fitness Tracker
210,Mozzie UL-Listed Smart Single Platform Hoverboard
211,The Don't-Make-Us-Throw-It-Away Edible Arrangements Bundles
212,Zmodo Pivot 1080p 360° WiFi Camera with Smarthub and Window Sensors
213,Sphero BB8 Special Edition
214,Little Giant Go-2 13' Multipurpose Ladder
215,"2-for-Tuesday: Meh Face ""Pop"" Phone Holders"
216,Shark Upright Lift-Away Vacuum with Powered Head
217,Vestia Wine Saver Starter Kit With 3 Extra Stoppers
218,2-Pack: Merkury Color LED WiFi Bulbs
219,"Home Decorators Collection Merwry 52"" Fan with LED Light Kit & Wall Switch"
220,Winix C535 True HEPA Air Cleaner (Refurbished)
221,Edible Arrangements
222,2-for-Tuesday: ION Audio Sound Shine Lightbulb Speakers
223,2-Pack DIY Mediocrebots
224,Meh's Fuko Shirt
225,Meh's Fuko Shirt
226,Meh's Fuko Shirt
227,Meh's Fuko Shirt
228,Meh's Fuko Shirt
229,Meh's Fuko Shirt
230,Meh's Fuko Shirt
231,Meh's Fuko Shirt
232,Meh's Fuko Shirt
233,Meh's Fuko Shirt
234,Meh's Fuko Shirt
235,Meh's Fuko Shirt
236,Meh's Fuko Shirt
237,Meh's Fuko Shirt
238,Meh's Fuko Shirt
239,Meh's Fuko Shirt
240,Meh's Fuko Shirt
241,Meh's Fuko Shirt
242,Meh's Fuko Shirt
243,Meh's Fuko Shirt
244,Meh's Fuko Shirt
245,Meh's Fuko Shirt
246,Meh's Fuko Shirt
247,Meh's Fuko Shirt
248,Meh's Fuko Shirt
249,Meh's Fuko Shirt
250,Meh's Fuko Shirt
251,Meh's Fuko Shirt
252,Meh's Fuko Shirt
253,Meh's Fuko Shirt
254,Meh's Fuko Shirt
255,Meh's Fuko Shirt
256,Meh's Fuko Shirt
257,Meh's Fuko Shirt
258,Meh's Fuko Shirt
259,Meh's Fuko Shirt
260,Meh's Fuko Shirt
261,Meh's Fuko Shirt
262,Meh's Fuko Shirt
263,Meh's Fuko Shirt
264,Meh's Fuko Shirt
265,Meh's Fuko Shirt
266,Meh's Fuko Shirt
267,Meh's Fuko Shirt
268,Meh's Fuko Shirt
269,Meh's Fuko Shirt
270,Meh's Fuko Shirt
271,Meh's Fuko Shirt
272,Meh's Fuko Shirt
273,Meh's Fuko Shirt
274,Meh's Fuko Shirt
275,Meh's Fuko Shirt
276,Meh's Fuko Shirt
277,Meh's Fuko Shirt
278,Meh's Fuko Shirt
279,Health & Sellness No Wait Wellness Bundle
280,Meh Face Pillows
281,Ecovacs Deebot Mini 2 App-Enabled Robotic Vacuum
282,Ella Jayne Hotel Comforters
283,2-for-Tuesday: Ion Audio LED Smart Badge
284,SimpliSafe Shield Security System
285,Alpine Design Backpacks and Random Color Hydration Pack
286,Saturday Toy Bundle
287,Kodak Baby Monitor with 180° Camera
288,Little Griddle ANYWARE Nonstick Ceramic Backwall Griddle
289,3-Pack: Packit Freezable Lunch Bags
290,2-for-Tuesday: Weber iDevices Mini Kitchen Bluetooth Thermometer
291,62-Piece Magformers Rainbow Set
292,Ion Audio Party Bot Micro
293,Fake-Your-Own-Death Bundle
294,"4-Pack: Allersoft 100% Cotton Bed Bug, Dust Mite & Allergy Control Pillow Case"
295,Life Gear Pro Series Red Alert 300L or 750L Flashlight
296,ful 3-Piece Hardsided or Folding Softsided Luggage
297,6-for-Tuesday: LED Twist Reusable Glowsticks
298,HP Titan JUXT Smartwatch
299,Freshebuds Air Magnetic Bluetooth Earbuds
300,Win Them Back Bundle
301,M Cushion Shiatsu Massage Pillow with Optional Bonus Pillow
302,DualSaw CS450 Dual Blade Power Saw (with or without additional blades)
303,Dyson V8 Animal Cord-Free Vacuum
304,2-for-Tuesday: Shredded Memory Foam-Filled Pillows with Bamboo Covers
305,Chefman Sous Vide Precision Cooker
306,"HP 14"" Stream Laptop PC (Refurbished)"
307,Geek Gift Kit
308,MyGuard Clip Wearable LED Safety Light & Alarm or Phone Holder & Alarm
309,Braven BRV-1M Ultra-Rugged IPX7 Bluetooth Speaker
310,Little Giant 17' Titan Ladder w/ AirDeck & Wheels (Refurbished)
311,2-for-Tuesday: Braha 1:24 Scale RC Cars
312,Edible Arrangements Gift Boxes
313,KitchenAid Professional 600 6qt Bowl-Lift Stand Mixer (Refurbished)
314,Madcap Adventure Kit
315,Barska Metal Detector
316,Yukon Outfitters Defender 1000-Lumen Flashlight
317,Biaggi Hangeroo Garment / Duffel Bag
318,10-or-20-for-Tuesday: Fidget Spinners
319,Zmodo Greet WiFi Video Doorbell with Zmodo Beam Hub and WiFi Extender
320,"4-Pack: Allersoft 100% Cotton Bed Bug, Dust Mite & Allergy Control Pillow Case"
321,Altchek MD Beauty Bundle
322,Casa Decor 6-Piece Towel Set
323,Case Logic Lodo Bags
324,MOTA JetJat Ultra VR Drone
325,2-for-Tuesday: Meh Stadium Blankets
326,Martian mVoice Active Smartwatch with Alexa
327,2-Pack: Bauhn Bluetooth Sport Headphones with Case
328,4-Pack: Neo Style 6000mAh Power Banks
329,Unsimply Stitched 3-Pack Socks
330,Oster Brawly 10-Piece Non-Stick Anodized Aluminum Cookware
331,Alpine Design Backpacks
332,3-for-Tuesday: Bluetech LED Rechargeable Flashlight w/ Motion Detection
333,2-Pack: Merkury Color LED WiFi Bulbs
334,Duracell Jumpstarter & Maintainer
335,"2lb, 4lb, or 12lb of ProSupps PS Whey Protein"
336,GoWise 3.7qt Touch Screen Digital Air Fryer with 100 sheets of Parchment Paper
337,Shark Rocket DeluxePro Convertible Stick Vacuum
338,Pursonic S750 Sonic Toothbrush with UV Sanitizer
339,2-for-Tuesday: Gabba Goods Bluetooth Wireless Eye Masks
340,Diamond Encrusted Eternal Heart-Shaped Pearl Pendant And/Or Earrings
341,Solo Mercer Laptop Briefcase
342,Good / Better / Best Cutlery
343,iPhone 6 or 6 Plus Battery Case
344,Papago LORA 381 1080p Dash Cam (Recertified)
345,Fabulous Flannel Micro-Flannel Sheet Sets
346,2-for-Tuesday: Igloo Isabel 16oz Coffee Tumblers
347,BioBidet Self-Cleaning Toilet Seat Attachments
348,2-Pack: Happeseat® Carseat Covers
349,Hey It's Some Toys
350,Mozzie Hoverboard
351,Martian mVoice Smartwatch with Alexa
352,"18"" M Cushion Shiatsu Massage Pillow (with or without additional cushion)"
353,2-for-Tuesday: Rechargeable 5-in-1 Automotive Emergency Tools
354,Casemates Launch Shirt
355,Philips Hue Lux Gen 2 Kit (Refurbished)
356,Hold My Beer Bundle
357,Merkury Innovations SmartSurge Wi-Fi Surge Protector with 4 USB Ports
358,Biaggi Hangeroo Garment Bag+Tote
359,"Pacific Pearls Necklace, Bracelet, and Earring Set"
360,2-for-Tuesday: Duncan Groove Yo-yo Kendama
361,Shark Rocket TruePet Convertible Corded Vacuum
362,4ID LED Dog Leash and Collar
363,Activity Or Apathy Bundle
364,2-Pack: Discovery Flex Tech Cars
365,Brondell VivaSpring Filtered Shower Head
366,Thule Backpacks
367,2-for-Tuesday: Braha 1:24 Scale RC Cars
368,ALC Connect Plus Complete Home/Business Security
369,2-Pack Deiss Pro Zester / Grater
370,2-Pack: Neo Style 6000 mAh Portable Power Banks
371,Barska 8x30 Crossover Waterproof Binoculars
372,62-Piece Magformers Rainbow Set
373,BlissLights Trio Laser Projector (Refurbished)
374,2-for-Tuesday: Bauhn Bluetooth Sport Headphones with Case
375,Meh Face Pillows
376,4-Pack: GO Belts With Expandable Pockets
377,2-Pack: Quirky Prop Power Pro 9 Ft Extension Cord
378,Organic Essentials Cotton Sheet Sets
379,Solo NY Mercer Briefcase
380,Pursonic S750 Sonic Toothbrush with UV Sanitizer
381,2-for-Tuesday: Bluetech Emergency LED Flashlights with Motion Detection
382,Vestia Wine Saver Starter Kit With 3 Stoppers
383,Foscam 480P WiFi Cameras
384,36 or 96 Pack: Energizer EcoAdvanced AA Batteries
385,Duracell 900 Peak Amp JumpStarter / 6 Amp Battery Charger Maintainer
386,Deebot Ecovac M87 Robotic Vacuum & Mopping System with Alexa
387,Bionaire Micathermic 1500W Portable Heater
388,2-for-Tuesday: Trym II Modern Hair Clipper
389,Pacific Pearls Rose Atoll Collection 14K Gold Filled Pearl & Swarovski Necklace
390,20-Pack of Gift Bags: Your Choice of Holiday or Non-Holiday
391,12-Pack: Orange Mentos Now Mints
392,KeySmart (Aluminum or Pro)
393,Truebuds Bluetooth Earbuds
394,iHome Kineta K1 Portable Bluetooth Speaker & Power Bank
395,2-for-Tuesday: Mad Ape Den Wine & Meh Wine (2-Pack or Mixed Case of 12)
396,Meh Shirt
397,Meh Shirt
398,Meh Shirt
399,Meh Shirt
400,Meh Shirt
401,Meh Shirt
402,Meh Shirt
403,Meh Shirt
404,Meh Shirt
405,Meh Shirt
406,Meh Shirt
407,Meh Shirt
408,Meh Shirt
409,Meh Shirt
410,Meh Shirt
411,Meh Shirt
412,Meh Shirt
413,Meh Shirt
414,Meh Shirt
415,Meh Shirt
416,Meh Shirt
417,Meh Shirt
418,Meh Shirt
419,Meh Shirt
420,Meh Shirt
421,Meh Shirt
422,Meh Shirt
423,Meh Shirt
424,Meh Shirt
425,Meh Shirt
426,Meh Shirt
427,Meh Shirt
428,Meh Shirt
429,Meh Shirt
430,Meh Shirt
431,Meh Shirt
432,Meh Shirt
433,Meh Shirt
434,Meh Shirt
435,Meh Shirt
436,Meh Shirt
437,Meh Shirt
438,Meh Shirt
439,Meh Shirt
440,Meh Shirt
441,Meh Shirt
442,Meh Shirt
443,Meh Shirt
444,Meh Shirt
445,Meh Shirt
446,Meh Shirt
447,Meh Shirt
448,Meh Shirt
449,Meh Shirt
450,Meh Shirt
451,Smart Lab Toys 3-Piece Bundle
452,10-Pack: Powrtabs Emergency Chargers
453,Antonino Collection Coral Fleece Robe
454,eGo 550 Audiobooks on 32GB Flash Drive
455,Pacific Pearls Gemstone and Pearl Necklace & Bracelet Set
456,Energizer EcoAdvanced AA Batteries
457,Sanyo Sound Base with Subwoofer (Refurbished)
458,iEnjoy Down & Feather Pillows
459,4-Pack: Power Banks
460,20-Pack: Random Fidget Spinners
461,Meh Pixel Shirt
462,Mad Ape Den: A Meh Wine
463,2-for-Tuesday: Microfiber Sheets Sets
464,BlissLights Trio Laser Projector
465,MOTA Holiday Train Set
466,Blue Sky Camping Bundle
467,50-Pack of Random Gift Bags
468,Thule 24L Backpack
469,MOTA JetJat Ultra VR Drone
470,2-for-Tuesday: Duncan Groove Kendama
471,Riviera UL2272 Certified Hoverboard / Self-Balancing Scooter
472,2 Pack: Merkury Smart Plugs
473,8-Pack: Phone Kickstand and Ring Holder
474,IQ Cordless TENS & EMS Massager
475,"Thule 13"" Laptop Bag"
476,8-Pack: Bormioli Momenti Wine Glasses
477,2-for-Tuesday: Blanket With Sleeves
478,Ecovacs Deebot M81 Robotic Vacuum Cleaner
479,2-Pack: Bem Wireless Big Mo WiFi Speakers
480,The Last of the Candy Corn
481,25 Random Marvel and DC Comic Books
482,Shark Rocket DeluxePro Hand Vacuum (Refurbished)
483,10-Pack: Alcograd Single-Use Breathalyzers
484,2-for-Tuesday: Rechargeable 5-in-1 Emergency Tools
485,Yeti Flip 12 Cooler
486,A Myriad Of Monitors (Refurbished)
487,"""Best Of"" October Bundle"
488,Quirky Ohm Qi Charger
489,Good/Better/Best Keysmart
490,Swingan 37.5” Nest Swing With Adjustable Ropes
491,2-for-Tuesday: Cotton Touch Microfiber Sheet Sets
492,Roolen Breath Smart Ultrasonic Cool Mist Humidifier
493,Nutri Ninja Nutri Bowl Duo
494,Bundle Up Bundle
495,20-Pack or 50-Pack: LED Fidget Spinners
496,Sphereo True Wireless Stereo Bluetooth Speakers with Charging Base
497,Relief Pod Orange Roadside Emergency Kit
498,2-Pack or 5-Pack: Silvercrest Fitness Tracker
499,Magformers Standard Set (30pc or 62pc)
500,"Energizer 600A 11,100mAh UL-Listed Lithium Jump Starter"
501,"Backpack, Flashlight, And Confectionery Accessories Bundle"
502,"36"" Imperial Pearl Station Necklace"
503,Magellan MiVue 538 1080p Dash Cam
504,2-Pack: Merkury Innovation Smart Control+ Smart Outlets with Energy Tracking
505,4-for-Tuesday: Two Cool Gear Salad Kits and Two 28oz Infuser Bottles
506,DJI Spark Drone
507,16-pack: Schick Xtreme3 Disposable Razors (Unboxed)
508,Candy Corn Extravaganza
509,BioBidet Good/Better/Best Bidet Bonzana
510,Que Bluetooth Over-Ear Noise Canceling Headphones
511,LG PuriCare 70-Pint Dehumidifier (Refurbished)
512,2-For-Tuesday: Braha 1:24 Scale RC Cars
513,Google Home
514,Cotton & Jute Canvas Beach Totes
515,Stupid Crap We Always Sell But In A Bundle
516,XY Find It 3-Pack Bluetooth Item Trackers
517,PCH Life Full Body Electrotherapy Stimulator with Belt
518,Enderson Bag Bundle
519,2-for-Tuesday: Zvation Heavy Duty 3-in-1 Can Opener
520,Neato Botvac 80 (Refurbished)
521,"AOC 24"" or 28"" FreeSync Monitors (Refurbished)"
522,"Flashlight, Power Bank & Candy Corn Halloween Prep Kit"
523,Quirky Ohm Bluetooth Speaker/Qi Charger Set
524,Organic Essentials Cotton Sheet Sets
525,iON Cool-iCam S3000 Waterproof Action Camera with Bike Mount
526,4-for-Tuesday: GO Belts with Pockets
527,Fukobukuro: Meh-rathon Edition
528,Fukobukuro: Meh-rathon Edition
529,Fukobukuro: Meh-rathon Edition
530,Fukobukuro: Meh-rathon Edition
531,Fukobukuro: Meh-rathon Edition
532,Fukobukuro: Meh-rathon Edition
533,Fukobukuro: Meh-rathon Edition
534,Fukobukuro: Meh-rathon Edition
535,Fukobukuro: Meh-rathon Edition
536,Fukobukuro: Meh-rathon Edition
537,Fukobukuro: Meh-rathon Edition
538,Fukobukuro: Meh-rathon Edition
539,Fukobukuro: Meh-rathon Edition
540,Fukobukuro: Meh-rathon Edition
541,Fukobukuro: Meh-rathon Edition
542,Fukobukuro: Meh-rathon Edition
543,Fukobukuro: Meh-rathon Edition
544,Fukobukuro: Meh-rathon Edition
545,Fukobukuro: Meh-rathon Edition
546,Fukobukuro: Meh-rathon Edition
547,Fukobukuro: Meh-rathon Edition
548,Fukobukuro: Meh-rathon Edition
549,Fukobukuro: Meh-rathon Edition
550,Fukobukuro: Meh-rathon Edition
551,Fukobukuro: Meh-rathon Edition
552,Fukobukuro: Meh-rathon Edition
553,Fukobukuro: Meh-rathon Edition
554,Fukobukuro: Meh-rathon Edition
555,Fukobukuro: Meh-rathon Edition
556,Fukobukuro: Meh-rathon Edition
557,Fukobukuro: Meh-rathon Edition
558,Fukobukuro: Meh-rathon Edition
559,Fukobukuro: Meh-rathon Edition
560,Fukobukuro: Meh-rathon Edition
561,Fukobukuro: Meh-rathon Edition
562,Fukobukuro: Meh-rathon Edition
563,Fukobukuro: Meh-rathon Edition
564,Fukobukuro: Meh-rathon Edition
565,Fukobukuro: Meh-rathon Edition
566,Fukobukuro: Meh-rathon Edition
567,Fukobukuro: Meh-rathon Edition
568,Fukobukuro: Meh-rathon Edition
569,Fukobukuro: Meh-rathon Edition
570,Fukobukuro: Meh-rathon Edition
571,Fukobukuro: Meh-rathon Edition
572,Fukobukuro: Meh-rathon Edition
573,Fukobukuro: Meh-rathon Edition
574,Fukobukuro: Meh-rathon Edition
575,Fukobukuro: Meh-rathon Edition
576,Fukobukuro: Meh-rathon Edition
577,Fukobukuro: Meh-rathon Edition
578,Fukobukuro: Meh-rathon Edition
579,Fukobukuro: Meh-rathon Edition
580,Fukobukuro: Meh-rathon Edition
581,Fukobukuro: Meh-rathon Edition
582,Fukobukuro: Meh-rathon Edition
583,Fukobukuro: Meh-rathon Edition
584,Fukobukuro: Meh-rathon Edition
585,Fukobukuro: Meh-rathon Edition
586,Fukobukuro: Meh-rathon Edition
587,"Thonet & Vander ""Dass"" & ""Laut"" 2.1 Speaker Systems"
588,Post-Party Kit
589,Kai Luna 6-Piece Knife Set
590,Papago LORA 381 1080p Dash Cam (Recertified)
591,Smart Lab Toys 3-Piece Bundle
592,2-for-Tuesday: Stadium Blankets
593,MOTA JetJat Ultra FPV Drone
594,Kodak V20 180º WiFi HD Camera
595,Sharp Things In A Box
596,FUL 3-piece Hardside Luggage
597,Behmor Connected Temperature Control Coffee Maker
598,Barska Binoculars
599,2-For-Tuesday: Foscam Security Cameras (Refurbished)
600,"""Clever"" Doormats"
601,Pursonic S750 Sonic Toothbrush with UV Sanitizer
602,Worst-Date-Night-Ever Kit
603,20-Pack: Schick Hydro 3 Men Refills (Unboxed)
604,12-Pack: Hot Wheels Star Wars Die Cast Cars
605,AOC & Philips 4K Monitors (Refurbished)
606,4-for-Tuesday: MAX Safety Security Light
607,Google Home
608,Monique Leshman Earrings and Necklaces
609,A Few Pounds Of Melted Candy Corn And A Knife
610,"Energizer 600A 11,100mAh Lithium Ion Jump Starter & Power Bank (UL 2743)"
611,Bem Ohana 3-Piece Indoor/Outdoor Bluetooth Audio System
612,Homedics Automatic Blood Pressure Monitor (Recertified)
613,2-for-Tuesday: Happeseat® Carseat Covers
614,Nutri Ninja Nutri Bowl Duo
615,2-Pack: IVY USB Port LED Desk Lamps
616,End of Summer Desperation Bundle
617,Solo Hybrid Laptop Backpack
618,Kitchen in a Box
619,3-Pack Unsimply Stitched Socks
620,240-for-Tuesday: Ice Breakers 6-Pack 40ct Gum (Spearmint & Peppermint)
621,"11-inch 2014 MacBook Air (Refurbished, With 3 Months AppleCare)"
622,Star Wars Bundle
623,10-Pack: Assorted UV-Protected Sunglasses
624,e-Go Audiobooks (550 classics on 32GB drive / 125 kids classics on 8GB drive)
625,About 7 Pounds Of Candy Corn
626,Homedics Triple Shiatsu Pro Massage Cushion With Heat (Refurbished)
627,16-for-Tuesday: BioRepublic SkinCare On the Glow Kits
628,Winix 4-Stage HEPA Air Cleaner with PlasmaWave (Refurbished)
629,Philips Hue Starter Kit 2nd Generation (Refurbished)
630,8-Piece Camping Bundle
631,Nexbelt Ratcheting Belts
632,3 Pairs of Huggie Earrings with Swarovski Elements
633,Bem Strum Bluetooth Speaker
634,12-for-Tuesday: Powrtabs Emergency Chargers
635,Keysmart Lite (2-pack plastic or 1-pack metal)
636,4ID LED Dog Leash and Collar
637,Aegean Apparel Terry Cloth Robes
638,FUL 3-piece Hardside Luggage Set
639,BIOS Bullet Action Cam Selection
640,Shark 2-in-1 Blast & Scrub Steam Pocket Mop (Refurbished)
641,"2-for-Tuesday: Random 46""x67"" Microfiber Coral Fleece Reversible Throws"
642,"Pacific Pearls Necklace, Bracelet, and Earring Set"
643,10-Pack: Alcograd Single-Use Breathalyzer
644,Mr Beer Bewitched Starter Kit
645,Kodak V20 180º WiFi HD Camera
646,Shark Rocket Handheld Vacuum (Refurbished)
647,Primula Cold Brew Coffee Maker Bundle
648,6-for-Tuesday: Westek Puck Lights
649,Wolfgang Puck Pressure Oven
650,Carlos Santana Tour Bags
651,Shark Professional Series Steam Pocket Mop (Refurbished)
652,Quikut 20-Piece Knife Set
653,UL2272 Certified Riviera Hoverboard
654,MiGear Extreme X Action Camera
655,4-for-Tuesd4y: Bormioli Momenti Wine Glasses (4-Pack Red or White)
656,Random Meh (Or Whatever We Have Lying Around) Shirt
657,Random Meh (Or Whatever We Have Lying Around) Shirt
658,Random Meh (Or Whatever We Have Lying Around) Shirt
659,Random Meh (Or Whatever We Have Lying Around) Shirt
660,Random Meh (Or Whatever We Have Lying Around) Shirt
661,Random Meh (Or Whatever We Have Lying Around) Shirt
662,Random Meh (Or Whatever We Have Lying Around) Shirt
663,Random Meh (Or Whatever We Have Lying Around) Shirt
664,Random Meh (Or Whatever We Have Lying Around) Shirt
665,Random Meh (Or Whatever We Have Lying Around) Shirt
666,Random Meh (Or Whatever We Have Lying Around) Shirt
667,Random Meh (Or Whatever We Have Lying Around) Shirt
668,Random Meh (Or Whatever We Have Lying Around) Shirt
669,Random Meh (Or Whatever We Have Lying Around) Shirt
670,Random Meh (Or Whatever We Have Lying Around) Shirt
671,Random Meh (Or Whatever We Have Lying Around) Shirt
672,Random Meh (Or Whatever We Have Lying Around) Shirt
673,Random Meh (Or Whatever We Have Lying Around) Shirt
674,Random Meh (Or Whatever We Have Lying Around) Shirt
675,Random Meh (Or Whatever We Have Lying Around) Shirt
676,Random Meh (Or Whatever We Have Lying Around) Shirt
677,Random Meh (Or Whatever We Have Lying Around) Shirt
678,Random Meh (Or Whatever We Have Lying Around) Shirt
679,Random Meh (Or Whatever We Have Lying Around) Shirt
680,Random Meh (Or Whatever We Have Lying Around) Shirt
681,Random Meh (Or Whatever We Have Lying Around) Shirt
682,Random Meh (Or Whatever We Have Lying Around) Shirt
683,Random Meh (Or Whatever We Have Lying Around) Shirt
684,Random Meh (Or Whatever We Have Lying Around) Shirt
685,Random Meh (Or Whatever We Have Lying Around) Shirt
686,Random Meh (Or Whatever We Have Lying Around) Shirt
687,Random Meh (Or Whatever We Have Lying Around) Shirt
688,Random Meh (Or Whatever We Have Lying Around) Shirt
689,Random Meh (Or Whatever We Have Lying Around) Shirt
690,Random Meh (Or Whatever We Have Lying Around) Shirt
691,Random Meh (Or Whatever We Have Lying Around) Shirt
692,Random Meh (Or Whatever We Have Lying Around) Shirt
693,Random Meh (Or Whatever We Have Lying Around) Shirt
694,Random Meh (Or Whatever We Have Lying Around) Shirt
695,Random Meh (Or Whatever We Have Lying Around) Shirt
696,Random Meh (Or Whatever We Have Lying Around) Shirt
697,Random Meh (Or Whatever We Have Lying Around) Shirt
698,Random Meh (Or Whatever We Have Lying Around) Shirt
699,Random Meh (Or Whatever We Have Lying Around) Shirt
700,Random Meh (Or Whatever We Have Lying Around) Shirt
701,Random Meh (Or Whatever We Have Lying Around) Shirt
702,Random Meh (Or Whatever We Have Lying Around) Shirt
703,Random Meh (Or Whatever We Have Lying Around) Shirt
704,Random Meh (Or Whatever We Have Lying Around) Shirt
705,Random Meh (Or Whatever We Have Lying Around) Shirt
706,Random Meh (Or Whatever We Have Lying Around) Shirt
707,Random Meh (Or Whatever We Have Lying Around) Shirt
708,Random Meh (Or Whatever We Have Lying Around) Shirt
709,Random Meh (Or Whatever We Have Lying Around) Shirt
710,Random Meh (Or Whatever We Have Lying Around) Shirt
711,Random Meh (Or Whatever We Have Lying Around) Shirt
712,Birthday Meh Shirt on American Apparel
713,Odyssey Toys X-7 Microlite Drone
714,BioBidet Good/Better/Best Bidet Bonzana
715,Rubberwood Adirondack Chair
716,2-Pack: Pepper Spray And Personal Alarm
717,10-for-Tuesday: Schick Hydro 5 Men's & Women's Stick & Razors Bundle
718,2-Pack: Que Wifi/Bluetooth Speakers
719,The Big Backyard Portable Barbecue Grill & Cooler Bag
720,2-Pack: Hot Tool Holster
721,mPulse Rock Bluetooth On-Ear Headphones
722,12-Pack: Hot Wheels Star Wars Die Cast Ships
723,3-Pack: Random TeeTurtle Women's Shirts
724,2-For-Tuesday: Nexbelt Ratcheting Belts
725,Canon EOS Rebel T6 18-55mm DSLR Kit
726,Pacsafe Anti-Theft Duffel Bags
727,CordaRoy's Convertible Beanbag Chair / Bed
728,Pacific Pearls 5-in-1 Gemstone & Pearl Lariat
729,QFX Elite Series WiFi+Bluetooth Speakers
730,PureSpa Natural Aromatherapy Diffuser Bundle
731,2-Pack: mPULSE Blast & Blast Mini Bluetooth Stereo Speakers (Open Box)
732,Anolon 4-Piece Skillet Set
733,2-Pack: Audio Technica Sonic Sport In-Ear with Mic
734,ImogenStudio +Cam Outdoor HD Security Camera
735,6-Pack: Yedi New Bone China Mugs
736,Copper Cook 6-in-1 Cookware Set
737,"Galactic II Streaming HD Drone, VR Headset & Nano Drone Bundle"
738,2-for-Tuesday: PureSteam Portable Fabric Steamer
739,Philips Hue Starter Kit 2nd Generation (Refurbished)
740,Readivac Portable Canister Vacuum
741,Remington Fixed Blade Knife
742,JLab Audio FLEX Studio Headphones
743,Quirky Pivot Power Surge Protector Bundle (Random-Colored 4-Outlet & 6-Outlet)
744,"Random Socks (5-Pack Men's or Women's, 12-Pack Boy's or Girl's)"
745,2-for-Tuesday: SKIL iXO Vivo Power Screwdrivers with Wine Opener Attachment
746,Olio Model One Smartwatch
747,2-Pack: Rose Gold Pineapple Mugs
748,Trym II Rechargeable Modern Hair Clipper Kit
749,3-Pack: Huggie Earrings with Swarovski Crystals
750,5- or 10-Pack: Alcograd Single-Use Breathalyzers
751,Gardenia Down Alternative Comforter
752,2-for-Tuesday: Readymax Pliers with LED Light
753,Foscam Pan/Tilt WiFi Cameras
754,3-Pack: Monster Cleantouch Spray for Portable Devices
755,Swann Security Motion Sensing Alert
756,Onkyo 5.1.2-Channel Dolby Atmos Speaker System
757,6-Pack: Westek LED Puck Accent Lights
758,"2-Pack: Random 50"" x 60"" Velvet Throw Blankets"
759,2-for-Tuesday: QFX E-200 Portable WiFi + Bluetooth Multi-Room Speakers
760,Danby 12000 BTU 3-in-1 Portable Air Conditioner and Dehumidifier & Remote
761,Vivitek D837 3500 ANSI Lumens DLP Projector (Refurbished)
762,2-Pack: Quirky Prop Power Pro 9ft Extension Cords
763,2-Pack: SKIL Secure Grip Self-Tightening Box Wrench Set
764,mPULSE Blast and Blast Mini Bluetooth Stereo Speakers (Open Box)
765,Bēm Wireless 8-Pack 2600mAh Power Bank Station
766,2-for-Tuesday: Hype Swivel Surge Protectors with Two USB Ports
767,Pacific Pearls Genuine Mother of Pearl Necklace
768,2-Pack iLive Bluetooth Buddy Animatronic Animal Speakers
769,3-Pack Powrtabs Emergency Chargers
770,Contour Rest 3-in-1 Insta Cool Standard Gel Pillow
771,Barska Biometric Keypad Safe
772,"Master Pan 15"" Non-Stick Divided Skillet"
773,2-for-Tuesday: Ivy USB Port LED Desk Lamps
774,Trym II Rechargeable Modern Hair Clipper Kit
775,iLive Solar Backpack with 4000mAh Power Bank
776,25 Random Comic Books
777,Outdoor Nation Rescue Knife Seatbelt Cutter & Glass Breaker w/LED Flashlight
778,Star Wars Die Cast Vehicles: Hasbro or Hot Wheels
779,12-Pack: Women's Socks
780,10-for-Tensday: Random Sunglasses
781,"Imperial Pearl 36"" Station Necklace"
782,"Biaggi Zipsak 27"" 4 Wheel Microfold Suitcase"
783,2-pack iLive 30-pin Bluetooth Adapters or 2-pack Adapters & Crappy Speaker Docks
784,Carlos Santana Tour Bags
785,Shark Rocket Handheld Vacuum (Refurbished)
786,Swiss Elite Backpacks
787,2-for-Tuesday: BioBidet BBC-70 Bidets
788,Canon EOS Rebel T6 18-55mm DSLR Kit
789,Gabba Goods Bluetooth Eye Mask
790,Kendama
791,3-Pack: FootCardigan Socks
792,MOTA Alphabet Foam Mat
793,Akribos XXIV Men’s Swiss Quartz Multifunction Watches
794,2-for-Tuesday: 4id Personal Safety LED Lights
795,Pacific Pearls Genuine Mother of Pearl Double-Strand Necklaces -
796,Adventure Time Pint Glasses
797,4ID LED Lite Up Leash
798,"Westek 16"" LED Light Bar with Dimmers"
799,Microfiber Comforter
800,General ToolSmart Bluetooth Digital Angle Finder
801,2-for-Tuesday: iEnjoy Down Pillows (Standard or King)
802,Bio Bidet A3 (Self-Cleaning) & BBC-70 (Non-Self-Cleaning)
803,Mad Hungry 4-Piece Air Blade Knife Set with Knish Knife Sharpener
804,Schrade Partially Serrated Drop Point Blade Knife
805,3-Pack: Monster Cleantouch Spray for Portable Devices
806,Klipsch Groove Bluetooth Speaker
807,Ron Popeil 5-in-1 Cooking System
808,2-for-Tuesday: SaberLight Rechargeable Plasma Beam Lighters
809,Buzz and Heidi 160-Piece Magnetic Building Set
810,Relaveno Diamond Heart Pendant
811,Pronto and Peel Smart Universal Remote Control
812,Ninja BL610 Professional Blender (Refurbished)
813,2-for-Tuesday: Quirky 9' Pro Wrap Around Extension Cords
814,PureZone 3-In-1 True HEPA Air Purifier
815,Manttra 8-Quart Smart Pressure Cooker
816,Pacific Pearls Baroque Pearl Pendant & Drop Earrings
817,Shark Professional Steam Pocket Mop (Refurbished)
818,CyberPower 200W Inverter
819,2-for-Tuesday: Maximo Earbuds
820,Philips Hue Starter Kit 2nd Generation (Refurbished)
821,Xpress Platinum Countertop Cooker
822,Case Logic Backpack
823,Foscam FI9803P Outdoor Wireless IP Camera
824,General ToolSmart Bluetooth Laser Distance Measurer
825,Braven 705 Bluetooth Speaker with 1400mAh Battery
826,2-for-Tuesday: Power Style CREE LED Military Flashlights
827,The Big Backyard Portable Barbecue Grill & Cooler Bag
828,BIOS 1080p Bullet Camera
829,Honeywell 360 Surround Heater
830,Wicked Audio Triad Set
831,S.O.S. Emergency Rations Package
832,3-Pack: Unsimply Stitched Men's Dress Socks
833,2-for-Tuesday: Remington Skeleton Drop Point Knives
834,Audio Technica Sonic Fuel Over-Ear Headphones
835,Pursonic Deluxe Plus Sonic Toothbrush with UV
836,3Plus Swipe C Fitness Tracker Smartwatch
837,SOLO Travel Laptop Bag
838,"Meh Shirts, Get Your Meh Shirts Here"
839,2-for-Tuesday: Illumibowl LED Toilet Lights
840,Nutri Ninja BL450 Pro Blender (Refurbished)
841,4-Pack: Bormioli Rocco Restaurant Wine Glasses
842,Rearview Mirror Dash Cam DVR Recorder
843,FoodSaver V3230 Vacuum Sealing System (Refurbished)
844,5-Pack: Honora Pearl Stud Earrings
845,Shark Original Steam Mop (Refurbished)
846,2-for-Tuesday: Smith & Wesson Black Tanto Tactical Knives
847,Jabra Style Wireless Bluetooth Headset (Refurbished)
848,Verrazano Luggage
849,PinGo Car Locator and Charger
850,CRKT Synergist Knife Designed by MJ Lerch
851,Philips Hue Lux Starter Kit (Refurbished)
852,Fukobukuro 14: Lover's Remorse
853,2-for-Tuesday: 4id Personal Safety LED Lights
854,A-Audio Legacy Over-Ear Headphones
855,2-Pack: Life Gear 20oz Collapsible Silicone Water Bottles
856,Gekko Device Stands
857,Hamilton Beach FlexBrew 2-Way Coffee Maker (Refurbished)
858,Ron Popeil 5-in-1 Cooking System
859,Canon IP2820 Inkjet Printer
860,2-for-Tuesday: Smart LED Lightbulb Bluetooth Speakers
861,Nutri Ninja Blender Duo with Auto-iQ (Refurbished)
862,Nicole Miller Hat & Scarf Set
863,Motorola Bluetooth Headset
864,Mr. Beer Homebrewing Kit
865,6-Pack: Strollegant Socks
866,Microfiber Comforter
867,2-for-Tuesday: VIOlife Power Banks with USB Fans
868,PureHeat 5100BTU Infrared Outdoor Heater
869,LockSmart Mini Bluetooth Padlock
870,Pursonic S420 Rechargeable Sonic Toothbrush
871,"Westek 16"" Dimmable LED Light Bar"
872,QCAM Security System Bundle: PoE Security Cameras and 2TB 8-Channel NVR
873,Shark Lift-Away Steam Mop with Removable Handheld Steamer (Refurbished)
874,2-for-Tuesday: Remington Lockback Knives
875,Pacific Pearls Strand Necklace with Matching Earrings
876,2-Pack: Contigo 14oz Pinnacle Autoseal Travel Mugs
877,Barska Fitness Watch and Heart Rate Monitor
878,FoodSaver V3230 Vacuum Sealing System (Refurbished)
879,Fūl Apex Laptop Backpack
880,Swann Security Motion Sensing Driveway Alert
881,2-for-Tuesday: Bem Mini Bluetooth Speakers
882,"Lenovo 11.6"" Chromebook"
883,Pioneer Dolby Atmos Bookshelf Speakers
884,PurePedi 8-in-1 Manicure and Pedicure Kit
885,Bionaire 1500W Silent Micathermic Console Heater
886,3-Pack: Honora Pearl Earrings
887,Gear Head Bluetooth Headphones
888,2-for-Tuesday: Stanley 24oz Stainless Steel Water Bottles
889,Shark Rocket Powerhead Vacuum (Refurbished)
890,2-Pack: Garadise Slingshot 2200mAh Power Bank/Car Chargers
891,Urge Basics Soundbrick Bluetooth Stereo Speaker
892,Life Gear Pro CREE LED Flashlight
893,Canon EOS Rebel T6 DSLR with EF-S 18-55mm Lens and EF 75-300mm Zoom Lens
894,Meh Shirt on American Apparel
895,Pacific Pearls Palliser Lagoon Collection Gift Set
896,2-for-Tuesday: SaberLight Rechargeable Plasma Beam Lighters
897,A-Audio Legacy Over-Ear Noise Cancelling Headphones
898,2-Pack: Touchscreen Gloves
899,Motorola 2nd Gen Moto 360 Smartwatch
900,Vornado MVH Whole Room Vortex Heater
901,CRKT Tighe Rod Knife
902,"Samsung 11.6"" Chromebook (Refurbished)"
903,2-for-Tuesday: Smart LED Lightbulb Bluetooth Speakers
904,Victrola 50W Modern Bluetooth Turntable
905,"ArmorLite 20"" Hardside Spinner Carry-on"
906,Mr. Coffee Coffee Maker with 8-Cup Thermal Carafe
907,Mr. Beer Irish Stout Homebrewing Beer Kit
908,3-Pack: Unsimply Stitched Men's Dress Socks
909,RiF6 30-Hour Portable Bluetooth Speaker
910,2-for-Tuesday: VIOlife 2600mAh Power Banks
911,Panasonic Eneloop Battery Power Pack
912,Philips Hue Lux Starter Kit (Refurbished)
913,Carhartt Elements Dome Duffel
914,Kozy Soles High Top Slippers
915,3-Pack: Sky Shredder Flying Discs
916,CyberPower 175W Power Inverter with USB Charging Port and 2 AC Outlets
917,2-for-Tuesday: Reusable BagBowl Sets
918,"Imperial Pearl 18"" Station Necklace"
919,Cardiff S-Series Premium 3-Wheel Skates (Refurbished)
920,Pursonic Deluxe Plus Sonic Toothbrush with UV
921,Veho SAEM Bluetooth Handsfree Car Kit
922,Pioneer Dolby Atmos Enabled Speakers
923,FoodSaver Vacuum Sealing System (Refurbished)
924,2-for-Tuesday: SaberLight Rechargeable Plasma Beam Lighters
925,Shark Rocket Handheld Vacuum (Refurbished)
926,Palm 2 Digital Pulse Massager
927,Turtle Beach Ear Force i60 Wireless Gaming Headset with 7.1 Surround Sound
928,RoboSmasherz Fighting Game
929,Foscam Wireless IP Camera (Refurbished)
930,2-for-Tuesday: Contigo 20oz West Loop 2.0 Autoseal Mug
931,Martian Notifier Watch
932,Barska Heart Rate Monitor with Chest Strap
933,Bubba 128oz Sport Jug
934,Bēm Bluetooth Speaker
935,Cheerson CX-10C Video Cam Quadcopter with SD Card Bundle
936,CRKT Get.Shit.Done. Knife
937,2-for-Tuesday: Samba Glass Insulated Pitchers
938,Onkyo 5.1.2-Channel Dolby Atmos Speaker System
939,Blue Sky Gear 6-Piece Camping Bundle
940,Mr. Coffee 10-Cup Thermal Carafe Coffee Maker (Refurbished)
941,Red Rock Canyon 45L Backpack
942,"Westek 16"" Dimmable LED Light Bar"
943,Sistema 4-Piece Microwave Steamer Set
944,2-for-Tuesday: iFrogz Active Bluetooth Speakers
945,Grill Right Bluetooth BBQ Thermometer
946,"Toshiba 13.3"" Chromebook 2 (Refurbished)"
947,"Carhartt D89 20"" Duffel Bag"
948,CyberPower 175W Power Inverter with USB Charging Port and 2 AC Outlets
949,Cheerson CX-10C Video Cam Quadcopter with SD Card Bundle
950,2-for-Tuesday: Remington Skeleton Folding Knives
951,Foscam Wireless IP Camera (Refurbished)
952,Xpress Platinum Countertop Cooker
953,Contour Rest 3-in-1 Insta Cool Standard Gel Pillow
954,House of Marley Watch
955,3-Pack: Unsimply Stitched Men's Dress Socks
956,Blendtec Total Blender Classic 570 with WildSide
957,2-for-Tuesday: SaberLight Rechargeable Plasma Beam Lighters
958,Canon EOS Rebel T6 18-55mm DSLR Kit
959,2-Pack: Infusion Water Bottles
960,Nature's Way Glass Hummingbird Feeders
961,FoodSaver Vacuum Sealing System (Refurbished)
962,Fukobukuro 12: Morning Addition
963,Fūl Apex Laptop Backpack
964,2-for-Tuesday: Bēm Mini Bluetooth Speakers
965,Mad Hungry 4-Piece Air Blade Knife Set
966,Ion Audio Vinyl Motion Portable Suitcase Turntable
967,SOG Contractor IV Folding Knife
968,"3-Pack: 6"" Fluorescent Lights"
969,Pioneer Dolby Atmos Bookshelf Speakers
970,6-Pack: GreenTech Pure Power Dimmable LED Lightbulbs
971,2-for-Tuesday: Oneida Aquarius Wine Glass Sets
972,RealXGear Fogger Portable Personal Mister
973,Carhartt D89 Round Duffel Bag
974,Liquid Image 720p Action Camera Goggles
975,"Garadise 5,200 or 10,400 mAh Power Bank"
976,Programmable Slow Cooker With Temperature Probe & Warmer (Refurbished)
977,Nature's Way Glass Hummingbird Feeders
978,2-for-Tuesday: Cool Gear Expandable Salad Kits
979,Fusion Xcelerator 1000W Emulsifier and Personal Blender Set
980,Contigo 16oz West Loop 2.0
981,Red Rock Bluff 40L Backpack
982,Oregon Scientific Ssmart Talking Blood Pressure Monitor
983,Cheerson CX-10 Mini Quadcopter
984,Polti Capri Espresso Machine with 100 AromaPolti Capsules
985,4-for-Tuesday: AwoX StriimLIGHT Bluetooth LED Speaker Light Sets
986,"Toshiba 13.3"" Chromebook 2 (Refurbished)"
987,Swingline GBC Thermal Laminator (Refurbished)
988,"Seiki 32"" LED Smart TV"
989,Outdoor Nation Rescue Pocket Knife with Seatbelt Cutter and Glass Breaker
990,Unlocked Samsung Galaxy S6 32GB Smartphone (Refurbished)
991,Philips Bluetooth 2.0 Bookshelf Speakers
992,2-for-Tuesday: Bubba 24oz Vacuum Insulated Bottles
993,"LG G Pad II 10"" Android Tablet"
994,Soundbot Bluetooth Speaker
995,Blue Sky Gear 6-Piece Camping Bundle
996,Westek Ultra Thin LED Light Strips
997,Hurricane 360 Ergonomic Spray & Spin Mop
998,Pioneer Dolby Atmos Enabled Speakers
999,8-for-Tuesday: Orbie Silicone Ice Molds
1000,Hamilton Beach Planetary Stand Mixer (Refurbished)
1001,Pulse Massager Mini II
1002,Carhartt D89 Backpack
1003,"Imperial Pearl 18"" Station Necklace"
1004,Escali Body Analysis Scale
1005,Hamilton Beach 2-Speed Immersion Blender (Refurbished)
1006,2-for-Tuesday: Stem Izon View Wi-Fi Video Monitors
1007,Monster Adidas Over-Ear Headphones
1008,Picnic Time Stratus Insulated Cooler
1009,Outdoor Life 30L Backpack
1010,Blendtec Total Blender Classic 560 with WildSide
1011,Nabi Look HD Camera and GoPro Accessory Kit
1012,Hamilton Beach Programmable Slow Cooker With Temperature Probe (Refurbished)
1013,2-for-Tuesday: Ginsu Koden Stainless Steel Santoku and Paring Knife Sets
1014,"LG G Pad 8"" Android Tablet"
1015,Pursonic Deluxe Plus Sonic Toothbrush with UV
1016,Boom Swap Over-Ear Headphones
1017,Cheerson CX-10 Mini Quadcopter
1018,FoodSaver Vacuum Sealing System (Refurbished)
1019,"Seiki 50"" 1080p LED Smart TV"
1020,2-Pack: Bamboo Pillows
1021,"Toshiba 13.3"" Chromebook 2 (Refurbished)"
1022,Adidas Response Earbuds
1023,Enhance NightLux LTN Lantern with Remote
1024,Fūl Apex Laptop Backpack
1025,EnerPlex Jumpr Power Bank
1026,Schrade Fixed Blade Knife
1027,2-for-Tuesday: ReVIVE Overload Surge Protector and 2-Port USB Adapters
1028,6-Pack: GreenTech Pure Power Dimmable LED Light Bulbs
1029,"Toshiba 14"" Touchscreen Laptop (Refurbished)"
1030,Meh Shirt with Frosting and Sprinkles
1031,Fukobukuro 11: Birthday Fuko
1032,Seiki Region-Free 4K Up-Converting Blu-Ray Player
1033,Canon EOS Rebel T6 18-55mm DSLR Kit
1034,2-for-Tuesday: Stem Izon 2.0 Wi-Fi Video Monitors
1035,Samba Glass Insulated Carafe
1036,Weston 2-Piece Kitchen Gadget Set
1037,ReadiVac 5-Gallon Stainless Steel Wet/Dry Vacuum
1038,Ginsu Nuri 3-Piece Knife Set
1039,Pioneer Dolby Atmos Enabled Speakers
1040,"Onkyo Dolby Atmos Network Receiver with AirPlay, WiFi and Bluetooth"
1041,2-for-Tuesday: Contigo 24oz Grace Water Bottles
1042,Shark Steam & Spray PRO
1043,X-Mini Max Stereo Speakers
1044,Taylor Body Analysis Scale
1045,CyberPower 150W Power Inverter with 2.1A USB Charger
1046,Blendtec Total Blender Classic 560 with WildSide
1047,Duracell 8800mAh & 1850mAh Power Bank Set with or without Powermat
1048,2-for-Tuesday: Pure Copper Moscow Mule Mugs
1049,Hamilton Beach 2-Speed Hand Blender (Refurbished)
1050,Sistema 4-Piece Microwave Steamer Set
1051,"Acer Aspire Switch 11.6"" 4GB RAM, 128GB SSD Tablet PC (Refurbished)"
1052,House of Marley F Watch
1053,4-Pack: AwoX StriimLIGHT Bluetooth LED Speaker Lights
1054,Pursonic S520 Rechargeable Toothbrush
1055,2-for-Tuesday: Bubba 24oz Vacuum Insulated Bottles
1056,Shark Rotator Powered Lift-Away Vacuum (Refurbished)
1057,A-Audio Elite High Definition Earphones
1058,3-Pack: LED Multi-Function Lantern Lights
1059,Zipstick 2200mAh Rechargeable Power Bank
1060,Gardenia Down Alternative Comforter
1061,Ion Audio Vinyl Motion Portable Suitcase Turntable
1062,2-for-Tuesday: Cool Gear Expandable Salad Kits
1063,Fūl Rolling Carry-on with Detachable Backpack
1064,Cobra 800W Power Inverter (Refurbished)
1065,3-Pack: Unsimply Stitched Men's Dress Socks
1066,"Toshiba 13.3"" Chromebook 2 (Refurbished)"
1067,Pulse Massager Mini II
1068,FoodSaver Vacuum Sealing System (Refurbished)
1069,2-for-Tuesday: Zippy Pop 5.5 Quart Stovetop Popcorn Poppers
1070,Life Gear 12-in-1 Multi-Tool with Rechargeable LED Flashlight
1071,Sony Wireless RF Headphones
1072,3-Pack: Think Tank LED Work Lights
1073,Contigo 16oz West Loop 2.0 Autoseal Travel Mug
1074,Kershaw Funxion EMT Knife
1075,Banana Boat Bluetooth Speaker
1076,2-for-Tuesday: Cheerson CX-10C Video Cam Quadcopters
1077,Insulated Backpack with Travel Seat
1078,Bēm Wrist Speaker
1079,iRobot Braava 375t Floor Mopping Robot
1080,Fukobukuro 10: Fuku is dead. Long live Fuko.
1081,Adidas Sport Response by Monster Earbuds
1082,Escali Body Analysis Scale
1083,2-for-Tuesday: Star Wars or Marvel 16oz Travel Mugs
1084,Blendtec Classic 560 Blender with WildSide
1085,Oregon Scientific Smart Watch Trainer
1086,Fagor Platino Plus Slow Juicer and Sorbet Maker
1087,"Onkyo Dolby Atmos Network Receiver with AirPlay, WiFi & Bluetooth"
1088,SOLO Travel Accessory Bag
1089,Nabi Look HD Camera and GoPro Accessory Kit
1090,2-for-Tuesday: USB Desk Lamp
1091,American Lighting LED Rope/Tape Hybrid Lights
1092,House of Marley J Watch
1093,Samba Glass Insulated Carafe
1094,Boom Swap Over-Ear Headphones
1095,"Targus Drifter II 17"" Laptop Backpack"
1096,2-for-Tuesday: Snap Activity Trackers
1097,iRobot Braava 375t Floor Mopping Robot
1098,Belding Large Rolling Duffel with Telescoping Handle Black
1099,Fagor Halogen Tabletop Oven
1100,"Toshiba 13.3"" Chromebook 2 (Refurbished)"
1101,Gardenia Down Alternative Comforter
1102,A-Audio Elite High Definition Earphones
1103,2-for-Tuesday: Kershaw 3820 Injection 3.0 Folding Knives
1104,Sistema 4-Piece Microwave Steamer Set
1105,HoMedics TheraP Memory Foam Contour Pillow
1106,2-Pack: Contigo 16oz Autoseal Randolph Mugs
1107,House of Marley Jammin’ Positive Vibration Headphones
1108,Philips Bookshelf Speakers with Bluetooth
1109,"Toshiba 14"" Touchscreen Laptop (Refurbished)"
1110,2-for-Tuesday: 28oz Blender Bottles
1111,"Onkyo Dolby Atmos Network Receiver with AirPlay, WiFi & Bluetooth"
1112,Polti Capri Espresso Machine with 100 AromaPolti Capsules
1113,"Imperial Pearl 18"" Station Necklace"
1114,Pebble Time Smartwatch
1115,Stem Izon 2.0 Wi-Fi Video Monitor
1116,Bēm Wrist Speaker
1117,2-for-Tuesday: Double-Wall Insulated Stainless Steel Tumblers
1118,Neato Botvac 65 Robotic Vacuum
1119,JAM Splash Shower Speaker
1120,Life Gear Pro Series 400 Lumen CREE LED Aluminum Flashlight
1121,House of Marley F Watch
1122,X-Mini Max Stereo Speakers
1123,"Onkyo Dolby Atmos Network Receiver with AirPlay, WiFi & Bluetooth"
1124,2-for-Tuesday: AwoX StriimLIGHT Bluetooth LED Speaker Lights
1125,Cheerson CX-10C Video Cam Quadcopter
1126,350 Thread Count Down Alternative Pillows (Set of 4)
1127,Bluetooth Outlet Speaker with 2.1A USB Port
1128,Fukobukuro 2: The Unluckier Bag
1129,House of Marley Liberate Bluetooth Headphones
1130,Canon EOS Rebel T5 DSLR with EF-S 18-55mm Lens
1131,2-for-Tuesday: Ion Audio Clipster Outdoor Bluetooth Speakers
1132,"Toshiba 13.3"" Chromebook 2 (Refurbished)"
1133,GOgroove QEMRO Bluetooth Speaker
1134,Targus Laptop Bag
1135,Star Wars 25oz Water Bottle
1136,SOG Contractor IV Knife
1137,Ion Audio Vinyl Motion Portable Suitcase Turntable
1138,2-for-Tuesday: Stem Izon 2.0 Wi-Fi Video Monitors
1139,Apple Watch (Refurbished)
1140,Bormioli Barware Set
1141,Mr. Coffee Optimal Brew 10-Cup Thermal Coffee Maker (Refurbished)
1142,Pebble Time Smartwatch
1143,"Targus Drifter II 17"" Laptop Backpack"
1144,Philips Bookshelf Speakers with Bluetooth
1145,2-for-Tuesday: Boom Swap On/Over-Ear Headphones
1146,MTX Musica Dual Speaker Kit
1147,Cool Gear 17-Piece Expandable Food Storage
1148,Monster Inspiration Lite On-Ear Headphones
1149,Kershaw 3820 Injection 3.0 Folding Knife
1150,D-Link Wireless AC600 Dual-Band Router
1151,Midland Wearable Action Camera (Refurbished)
1152,2-for-Tuesday: Contigo Addison 32oz Water Bottles
1153,"Toshiba 13.3"" Chromebook 2 (Refurbished)"
1154,Ion Flash Cube Bluetooth Speaker with Ambient Lighting
1155,American Lighting LED Rope Lights
1156,Weston 3-Piece Kitchen Gadget Set
1157,Microlife Deluxe Automatic Blood Pressure Monitor
1158,Trym II Rechargeable Modern Hair Clipper Kit
1159,2-for-Tuesday: AwoX StriimLIGHT Bluetooth LED Speaker Lights
1160,Nutri Ninja Pro BL450 (Refurbished)
1161,3-Pack: LED Multi-Function Lantern Lights
1162,"Solo Urban 16"" Backpack"
1163,Kalorik 4-Quart Professional Style Triple Basket Deep Fryer
1164,iPad Mini Case with Bluetooth Keyboard
1165,Adidas Performance Sport by Monster Earbuds
1166,2-for-Tuesday: Bubba 20oz Hero Tumblers
1167,Duracell Powermat with 8800mAh & 1850mAh Power Bank Set or just the Powermat
1168,Holmes Air Purifier
1169,J.A. Henckels Mikado 4-Piece Steak Knife Set
1170,"Polk Audio N1 39"" Bluetooth Soundbar"
1171,Ion Audio Sound Splash Bluetooth Speaker with FM Radio
1172,Zippy Pop 5.5 Quart Stovetop Popcorn Popper
1173,2-for-Tuesday: Bamboo Pillows
1174,Monster ClarityHD Micro Bluetooth Speaker
1175,PCH Digital Pulse Massager
1176,Belding Golf Bag
1177,"Acer 11.6"" Chromebook (Refurbished)"
1178,SJ230 Mid-Size Helicopter or Cheerson CX-10 Quadcopter
1179,Yurbuds Venture PRO Sport Earbuds with Mic and Cord Controls
1180,2-for-Tuesday: Stem Izon View Wi-Fi Video Monitors
1181,Defaced Double-Wall Insulated Stainless Steel Tumbler
1182,Banana Boat Ball Speaker
1183,Hamilton Beach 2-Way Single Serve and Full Pot Coffee Maker
1184,Monster GreenPower 8-Outlet Surge Protector
1185,"Acer 15.6"" Chromebook (Refurbished)"
1186,Ooma Telo and Bluetooth Bundle (Refurbished)
1187,2-for-Tuesday: X-Mini Max Stereo Speakers
1188,Ion Audio Vinyl Motion Portable Suitcase Turntable
1189,Belkin QODE Universal Keyboard and Case for 10-Inch Tablet
1190,Polk Audio Hinge Headphones
1191,4-Pack: Vibe Triple Outlet Adapter with Nightlights
1192,Cheerson Mini Quadcopter Selection
1193,Fukubukuro 7: Valentine's Day Sucks
1194,2-for-Tuesday: Ion Audio Clipster Outdoor Bluetooth Speakers
1195,"Toshiba 13.3"" Chromebook 2 (Refurbished)"
1196,Cool Gear 17-Piece Expandable Food Storage
1197,D-Link Wireless AC600 Dual-Band Router
1198,AwoX StriimLIGHT Bluetooth LED Speaker Light
1199,Targus Laptop Bag
1200,Duracell 8800mAh & 1850mAh Power Bank Set
1201,2-for-Tuesday: Boom Swap On/Over-Ear Headphones
1202,3-Pack: Uniden 37-Mile/22 Channel GMRS 2-Way Radios
1203,Memorex Bluetooth Boombox with FM Radio
1204,Martian Notifier Watch
1205,2-for-Tuesday: Contigo Addison 32oz Water Bottles
1206,PCH Digital Pulse Massager
1207,8-Pack: Dog Toys
1208,Squish 3-Piece Collapsible Bowl Set
1209,"Dyson DC41 Base, Animal, or Animal Frankenstein (Refurbished)"
1210,American Lighting LED Rope/Tape Hybrid Lights
1211,Remington F4 Cordless Shaving System (Refurbished)
1212,2-for-Tuesday: Able Planet Stereo Headphones
1213,Polar RCX3 Heart Rate Monitor
1214,4-Pack: Monster 4' HDMI Cables
1215,J.A. Henckels Mikado 4-Piece Steak Knife Set
1216,Rubbermaid Ergo Reach Mop
1217,Dash 2-Speed Juice Extractor
1218,Yurbuds Venture PRO Sport Earbuds with Mic and Cord Controls
1219,2-for-Tuesday: Contigo 16oz Autoseal Randolph Mugs
1220,"Toshiba 13.3"" Chromebook 2 (Refurbished)"
1221,3-Pack: Monster iClean Screen Cleaning Kits
1222,Digital2 Multi-Port USB Charger
1223,Irk Shirt on American Apparel
1224,Holmes Small Room Air Purifier
1225,Duracell 8800mAh & 1850mAh Power Bank Set
1226,2-for-Tuesday: Life Gear Auto Emergency Tool LED Flashlights
1227,Cheerson Mini Quadcopter Selection
1228,Health-o-Meter Diet Tracking Digital Kitchen Scale
1229,Sunbeam Polar Blast
1230,X-Mini Max Stereo Speakers
1231,"Cool Gear 17-Piece Bento Box, Salad Kit, and Storage/Steamer Set"
1232,GolfBuddy GPS Watch
1233,2-for-Tuesday: Snap Activity Trackers
1234,Cheerson Mini Quadcopter Selection
1235,Jamie Oliver 3-Piece Knife Set
1236,GoGroove Bluetooth Tower Speaker
1237,"12,000mAh Power Bank"
1238,Toshiba 13.3 Inch Chromebook 2 (Refurbished)
1239,BACtrack Go Keychain Breathalyzer
1240,2-for-Tuesday: Stem Izon View Wi-Fi Video Monitors
1241,Cheerson CX-10 Mini Quadcopter
1242,As Seen On TV Kitchen Bundle
1243,Mohu Streaming & OTA-Ready HDTV Dongle with RF Keyboard
1244,Crock-Pot 6-Quart Digital Slow Cooker (Refurbished)
1245,CRKT Ken Onion Shenanigan Tanto Serrated Edge Knife
1246,2-for-Tuesday: Sentry LED Headlamps
1247,Cheerson CX-10C Video Cam Quadcopter
1248,Looney Tunes 8GB USB 2.0 MP3 Player
1249,Rechargeable Portable Shower
1250,Martian Notifier Watch
1251,Neato Botvac 65 Robotic Vacuum
1252,Life Gear Auto Emergency Tool LED Flashlight
1253,2-for-Tuesday: Boom Swap On/Over-Ear Headphones
1254,Microfiber Comforter
1255,Belkin QODE Universal Keyboard and Case for 10-Inch Tablets
1256,Top Chips Set and Mandoline Slicer
1257,Bem Academia Desk Lamp Bluetooth Speaker Thingy
1258,URC R50 Digital Universal Remote Control
1259,Polk Audio Hinge Headphones
1260,2-for-Tuesday: Snap Activity Trackers
1261,Cheerson CX-10C Video Cam Quadcopter with SD Card Bundle
1262,Bormioli Barware Set
1263,Planetary Design Double-Wall Insulated Stainless Steel Tumbler
1264,SteelSeries 7H Fnatic Gaming Headset
1265,Ollie by Sphero
1266,Banana Boat Bluetooth Speaker
1267,2-for-Tuesday: Bracketron Twist and Charge USB Chargers
1268,American Lighting LED Rope/Tape Hybrid Lights
1269,Ideaworks Multi-Use LED Flashlight and Area Light
1270,Kershaw Asset Assisted Opening Knife
1271,"Dyson DC41 Base, Animal, or Animal Frankenstein (Refurbished)"
1272,Oster Mykonos Greek Yogurt Maker
1273,Panasonic 4-Handset Link2Cell Cordless Phone (Refurbished)
1274,2-for-Tuesday: Stem Izon View Wi-Fi Video Monitors
1275,Martian Notifier Watch
1276,Monster Digital USB 3.0 Drive
1277,GreenTech Pure Power Dimmable LED Light Bulbs (6-Pack)
1278,JBL OnBeat Mini Speaker Dock with Lightning Connector
1279,J.A. Henckels Mikado 4-Piece Steak Knife Set
1280,Pioneer 5.1 Channel AV Receiver with HDMI 2.0
1281,Boom Swap On/Over-Ear Headphones
1282,"Targus 17"" Gravity Backpack"
1283,Monster Cable Pro 200 PowerCenter (Refurbished)
1284,Flying Fisherman Master Angler Polycarbonate Sunglasses
1285,Dash 2-Speed Juice Extractor
1286,Fukubukuro 6: #NoMcFlyZone
1287,2-for-Tuesday: Mighty Charger Disposable Battery Chargers
1288,American Lighting LED Rope/Tape Hybrid Lights
1289,Capresso 12-Cup Coffee Maker
1290,Petmate Dog Toy Bundle
1291,CRKT Ken Onion Wrinkle 2 Knife
1292,Motorola Handheld Video Monitoring System
1293,Polk Audio Hinge Headphones
1294,2-for-Tuesday: Ideaworks Multi-Use LED Area Lights
1295,Ooma Telo and Bluetooth Bundle (Refurbished)
1296,DJI Phantom 1.1.1 Quadcopter with GoPro Mount
1297,Top Chips Set and Mandoline Slicer
1298,3-Pack: Monster CleanTouch Spray and Microfiber Cloths
1299,Cuisinart SmartPower 350W Blending System (Refurbished)
1300,SJ-Series Gyro 3.5CH Helicopter
1301,2-for-Tuesday: Bubba 24 oz Vacuum Insulated Bottles
1302,TomTom Runner Cardio GPS Watch and Heart Rate Monitor
1303,Looney Tunes 8GB USB 2.0 MP3 Player
1304,Mr. Coffee Espresso Maker (Refurbished)
1305,Monster NCredible NTune On-Ear Headphones
1306,iPad Mini Case with Bluetooth Keyboard
1307,12-Pack: Luminarc Seeded Stemless Wine Glasses
1308,2-for-Tuesday: Stem Izon 2.0 Wi-Fi Video Monitors
1309,808 HEX SL Wireless Speaker
1310,D-Link Wireless AC600 Dual-Band Router
1311,Hoover Air Ultra-Lite Bagless Upright Vacuum (Refurbished)
1312,JBL OnBeat Mini Speaker Dock with Lightning Connector
1313,Meh Shirt on American Apparel
1314,Panasonic SolarSmart Portable Charger
1315,2-for-Tuesday: Bell Rechargeable LED Bicycle Light Sets
1316,Pioneer 5.1 Channel AV Receiver with HDMI 2.0
1317,Panasonic Wireless On-ear Headphones
1318,Kershaw Asset Assisted Opening Knife
1319,The Last Of The JBL OnBeat Micro Speaker Docks
1320,Homedics Rapid Relief TENS Pain Relief Bundle
1321,"Oster Ice Cream, Frozen Yogurt, and Sorbet Maker"
1322,2-for-Tuesday: SLT Stickup Silicone Bluetooth Speakers
1323,Monster Digital USB 3.0 Drive
1324,350 Thread Count Down Alternative Pillows (Set of 4)
1325,Ziploc 156-Count Variety Pack
1326,Ollie by Sphero
1327,Ninja 3-in-1 Kitchen System Pro (Refurbished)
1328,"Haier 9"" Quad-Core Tablet"
1329,2-for-Tuesday: Champ Water Sensor Alarms
1330,BEM Academia Wireless Bluetooth Desk Lamp and Speaker
1331,Belkin QODE Universal Keyboard and Case for 10-Inch Tablets
1332,Contigo Jackson 24oz Hydration Bottle 3-Pack
1333,Cuisinart Advantage 12-Piece Knife Set
1334,Life Gear 4-in-1 Emergency Lights (6-Pack)
1335,Meta M1 Smartwatch
1336,"2-for-Tuesday: PowerNow 10,000mAh Power Bank"
1337,Panasonic Link2Cell Bluetooth Phone System (Refurbished)
1338,Crock-Pot Triple Dipper
1339,Monster Inspiration Active Noise Canceling Over-Ear Headphones
1340,GoGroove Move L3D Mood Light Speaker
1341,Microfiber Comforters
1342,"Dyson DC41 Base, Animal, or Animal Frankenstein (Refurbished)"
1343,2-for-Tuesday: Bubba 20oz Vacuum Insulated Thermal Tumblers
1344,Himalayan Breeze Figurine Fans
1345,Panasonic Qi Charging Bundle
1346,Ooma Telo and Bluetooth Bundle (Refurbished)
1347,Definitive Technology Bluetooth Sound Cylinder
1348,KRUPS Programmable Steel Carafe Coffee Maker (Refurbished)
1349,2-for-Tuesday: Eveready Compact LED Area Lights
1350,Nikon D3200 DSLR with 18‑55mm Lens
1351,Pursonic S20 UV Family Toothbrush Sanitizer w/ AC Adapter
1352,Petmate Dog Toy Bundle
1353,Electrolux Cordless 2-in-1 Stick & Handheld Vacuum (Refurbished)
1354,Able Planet Stereo Headphones with Linx Audio
1355,Cuisinart 5-in-1 Griddler
1356,2-for-Tuesday: InSite Locator and Transmitter
1357,Acoustic Research SP40 Soundflow Soundboard
1358,Solo CheckFast Laptop Bag
1359,Ion Audio Archive LP Digital Turntable (Refurbished)
1360,JBL OnBeat Micro Speaker Dock with Lightning Connector
1361,Sunbeam Touch Up and Go Iron Kit
1362,Capresso 4-Cup Espresso & Cappuccino Machine
1363,2-for-Tuesday: Monster Headphone Splitters with Volume Controls
1364,Neato Botvac 85 Robotic Vacuum
1365,CRKT Ken Onion Wrinkle 2 Knife
1366,Blendtec Total Blender With Wildside Jar (Refurbished)
1367,Panasonic SolarSmart Portable Power
1368,Bēm Sunrise Bluetooth Stereo System with Alarm
1369,Motorola's Second Best Baby Monitor
1370,2-for-Tuesday: Bubba 24 oz Vacuum Insulated Bottles
1371,Rival 3-Step Vacuum Sealer (Refurbished)
1372,Oneida Stainless Steel Steak Knife Set (4-Pack)
1373,Huion 17.7 Inch LED Tracing Light Box
1374,Foscam Wireless IP Camera 720p (Refurbished)
1375,"GOgroove Power Bank, Bluetooth Speaker/Receiver, and FM Radio"
1376,Eveready Gold AA Alkaline Batteries (72-Pack)
1377,2-for-Tuesday: Cheerson CX-10 Mini Quadcopters
1378,"Kindle Fire HDX 8.9"" Wi-Fi, 16 GB with Special Offers"
1379,Haan Power and Finesse Steam Cleaner (Refurbished)
1380,Razer Carcharias Gaming Headphones and Mic (Refurbished)
1381,"Oster Ice Cream, Sorbet, and Yogurt Maker"
1382,Contigo Jackson 24oz Hydration Bottle 3-Pack
1383,Conair 5-Setting Massaging Handheld Shower
1384,2-for-Tuesday: Monster Cable Pro 200 PowerCenter (Refurbished)
1385,Damson Bluetooth NFC Stereo Speakers
1386,Belkin Universal Keyboard and Case for 10-Inch Tablets
1387,Claritin Bionaire True HEPA Tower Air Purifier
1388,Onkyo TX-NR535 Receiver
1389,Fukubukuro 5: #MehDay
1390,Meh: Year One Limited Edition Commemorative Collectors Shirt
1391,2-for-2-for-Tuesday: Speck CandyShell Cases for iPad Mini
1392,SJ250 Coaxial Gyro-Stabilized 3.5CH Helicopter
1393,Bormioli Rocco Wine Glasses (Set of 18)
1394,Razer Anansi MMO Gaming Keyboard
1395,JBL OnBeat Micro and/or Mini Speaker Dock with Lightning Connector
1396,Motorola Baby Monitor with Screen and Night Vision
1397,DJI Phantom 1.1.1 Quadcopter with GoPro Mount
1398,2-for-Tuesday: Sunbeam 7800mAh Power Banks
1399,KitchenAid Artisan Series 5-Quart Stand Mixer
1400,Xepa LED Solar Security Light
1401,Xpress Platinum Countertop Cooker
1402,D-Link Wireless AC600 Dual-Band Router
1403,Orbotix Ollie (Refurbished)
1404,Mr. Coffee Espresso Maker (Refurbished)
1405,Monster DNA On-Ear Headphones (Refurbished)
1406,Claritin True HEPA Permanent Filter Air Purifier
1407,Odyssey Sky Runner 2.4GHz Radio Controlled Quadcopter
1408,KRUPS Programmable Coffee Maker (Refurbished)
1409,Panasonic SolarSmart Portable Solar Power
1410,2-for-Tuesday: Copper Moscow Mule Mugs
1411,Neato Botvac 65
1412,Luminarc Bola 15 oz Stemless Wine Glass (12-Pack)
1413,Purrfect Arch or Cat's Meow
1414,SteelSeries 7H Fnatic Gaming Headset
1415,Sphero 2.0 and Sphero Nubby (Refurbished)
1416,Onkyo TX-NR535 Receiver
1417,2-for-Tuesday: Mighty Charger Disposable Battery Chargers
1418,Cheerson CX-10 Mini Quadcopter
1419,LED Lenser Headlamp and Flashlight
1420,ZHIP Stand 3-Pack
1421,JBL OnBeat Mini and/or Micro Speaker Dock with Lightning Connector
1422,Meta M1 Smartwatch
1423,CRKT Ken Onion Wrinkle 2 Knife
1424,2-for-Tuesday: Oregon Scientific Digital Emergency Alert Radios
1425,Cobra Performance Radar/Laser Detector
1426,Looney Tunes 8GB USB 2.0 MP3 Player
1427,Mastrad Top Chips Set
1428,"Oster Ice Cream, Frozen Yogurt, and Sorbet Maker"
1429,Wine Enthusiast 8-Bottle Wine Cooler
1430,Foscam Outdoor Wireless IP Camera (Refurbished)
1431,2-for-Tuesday: Conair Shower Heads
1432,GE Motion Tracking LED Security Spotlight
1433,Gerber Crucial Multi-tool w/ Strap Cutter and Flashlight Combo
1434,NanoTek Stands 2-Pack
1435,Panasonic Bluetooth On-ear Headphones
1436,Waring Pro Professional Snow Cone Maker (Refurbished)
1437,Claritin True HEPA Permanent Filter Air Purifier
1438,2-for-Tuesday: Slazenger Raw Distance Spin Golf Balls
1439,Rechargeable Portable Shower
1440,Vermont American Tool Bundle
1441,Belkin Bluetooth Keyboard
1442,Himalayan Breeze Animal Fans
1443,Ooma Telo and Bluetooth Receiver (Refurbished)
1444,Odyssey SkyFlyer Quadcopter
1445,2-for-Tuesday: Pure Copper Moscow Mule Mugs
1446,808 Audio DUO Wired + Wireless Headphones
1447,AudioSource Outdoor Rock Speaker Pair
1448,Grime Boss Hand Wipes 8-Pack
1449,Kershaw Funxion EMT Knife
1450,Bormioli Rocco Barware Set
1451,Oregon Scientific Talking Alarm Clock
1452,2-for-Tuesday: Able Planet Stereo Headphones with Linx Audio
1453,Colgate Wisp Peppermint Brushes (72-Pack)
1454,Expanding Surge Protector with 12-Foot Cord
1455,AOC IPS LED Frameless Monitor (Refurbished)
1456,JBL OnBeat Mini and/or Micro Speaker Dock with Lightning Connector
1457,American Apparel Meh Shirt
1458,2-for-Tuesday: Contigo Pinnacle 14oz Thermal Autoseal Mugs
1459,Ivation Remote Control Outlets
1460,Panasonic Sonic Vibration Toothbrush
1461,Life Gear LED Flashlight
1462,ReVIVE 4000mAh Solar Panel Power Bank
1463,Looney Tunes 8GB USB 2.0 MP3 Player
1464,iRobot Roomba 790
1465,2-for-Tuesday: 808 Audio Drift On-Ear Headphones
1466,DJI Phantom 1 Quadcopter v1.1.1 with GoPro Mount
1467,Foscam Wireless IP Camera 720p (Refurbished)
1468,Citizen Men's Eco-Drive Watch
1469,Holmes Air Purifier
1470,Schrade 2.6 Inch Drop-Point Knife (Set of 2)
1471,Black & Decker 400-Watt Juice Extractor (Refurbished)
1472,2-for-Tuesday: Optiled Cree LED Flood Lights
1473,Midland Wearable Action Camera (Refurbished)
1474,Powerbeats2 Wireless Headphones
1475,"Dyson DC41 Base, Animal, or Animal Frankenstein (Refurbished)"
1476,MetaWatch Smartwatch (Refurbished)
1477,Petmate Dog Toy Bundle
1478,Insteon IP Camera or Eveready Compact LED Area Light
1479,2-for-Tuesday: Wenzel 14-Liter Hydration Backpacks
1480,DJI Phantom 1 Quadcopter with GoPro Mount
1481,Denon Tabletop Bluetooth Speaker
1482,350 Thread Count Down Alternative Pillows (Set of 4)
1483,Riviera RC Aquacopter
1484,Foscam Wireless IP Camera (Refurbished)
1485,Fukobukuro: The Unlucky Bag
1486,2-for-Tuesday: Mediocre Bluetooth Speakers
1487,D-Link AC600 Dual-Band Wireless Router
1488,Cuisinart 13-Piece Graphix Collection Knife Block Set
1489,Cobra Portable Jump Starter & Air Compressor
1490,McCulloch Steam Cleaner
1491,Able Planet Headphones with Boom Mic & Cord Controls
1492,Lavish Home 600 Thread Count Sheet Set
1493,2-for-Tuesday: Bobble Sport 24oz Filtration Water Bottles
1494,Cobra Performance Radar/Laser Detector
1495,Cool Gear 10-Piece Food Storage Bundle
1496,CRKT Ken Onion Shenanigan Tanto Combo Edge
1497,Ooma Telo Air Classic with Wireless Adapter (Refurbished)
1498,SteelSeries Stratus iOS MFi Wireless Gaming Controller
1499,Grime Boss Hand Wipes
1500,2-for-Tuesday: Chicago Cutlery Walnut Tradition Steak Knife Sets
1501,Fitbit Flex Activity Tracker
1502,Shun Classic Series 4-Piece Set
1503,Optiled Cree LED Bulbs
1504,Panasonic Handheld Immersion Blending System
1505,Vermont American Tool Bundle
1506,808 Audio Drift Noise Isolating On-Ear Headphones
1507,2-for-Tuesday: Obsolete Heart Rate Monitor Watches
1508,Netgear N900 Dual Band Gigabit WiFi Router (Refurbished)
1509,Serta Queen Air Mattress and Pump
1510,Slazenger Raw Distance Spin Golf Ball 15-Pack
1511,JBL Lightning Connector Speaker Docks
1512,Nostalgia Electrics Retro Series Dispensing Refrigerator
1513,Kershaw Funxion Outdoor Knife with Saw Blade
1514,JBL Pebbles USB Speakers
1515,Truefire Gourmet 18-Piece Set of Cedar Grilling Planks & Wraps
1516,Sphero Limited Edition 2.0 (Refurbished) with Nubby Cover
1517,Panasonic 2-Handset Telephone System (Refurbished)
1518,Microfiber Comforters
1519,KitchenAid Artisan Series 5-Quart Stand Mixer
1520,2-for-Tuesday: Eveready Compact LED Area Lights
1521,JLab Premium Metal Earbuds
1522,Innergie mCube Lite 65W Universal Adapter
1523,Discover with Dr. Cool Bundle
1524,Solo CheckFast Laptop Bag
1525,Bormioli Rocco Barware Set
1526,Yonanas Elite Dessert Maker
1527,2-for-Tuesday: Insteon IP Wireless Cameras
1528,Fujitsu G+ High Tech AA Alkaline Batteries (40-Pack)
1529,Lithium-Ion Power Tool Set
1530,Dell/Hauppauge USB TV Tuner
1531,"Ninja Blender, Food Processor & Mixer (Refurbished)"
1532,Oregon Scientific Desktop Emergency NOAA Radio
1533,Canon EOS Rebel T5 DSLR with EF-S 18-55mm Lens
1534,2-for-Tuesday: Belkin Bluetooth Keyboards
1535,SteelSeries 7H Fnatic Gaming Headset
1536,MEEP Android 4.0 Tablet
1537,Moneual Rydis UV-C Vacuum Cleaner
1538,Motorola WiFi Video Camera for Remote Viewing
1539,Dog Toy Bundle (Set of 4)
1540,Ion Audio Illuminated Electronic Drum Kit
1541,2-for-Tuesday: URGE Basics SounDome Bluetooth Speaker
1542,Mastrad TopChips Set
1543,Capresso 4-Cup Espresso & Cappuccino Machine
1544,128GB USB 3.0 Flash Drive
1545,JBL OnBeat Mini iPhone/iPad Portable Speaker Dock
1546,Cobra MicroTalk 16-Mile Pre-Charged Two-Way Radios
1547,iRobot Roomba 560 (Refurbished)
1548,2-for-Tuesday: Cool Gear Double-Insulated Mason Mug
1549,Accu Force 3.5 Channel Helicopter
1550,"AOC 27"" IPS LED Frameless Monitor Black (Refurbished)"
1551,Cool Gear Stay Fit Combo Set
1552,It’s A Speaker Dock & Sunglasses. Deal With It.
1553,Schrade 2.6 Inch Drop-Point Knife (Pair)
1554,Eureka MyVac All Floors Rewind with AirSpeed
1555,2-for-Tuesday: Justin Tablet Case with Bluetooth Keyboard & 5800mAh Power Bank
1556,Craig Smart TV HDMI Adapter with Keyboard & Mouse
1557,Vermont American Tool Bundle
1558,Panasonic Sonic Vibration Toothbrush
1559,Bormioli Rocco Wine Glasses (Set of 18)
1560,Innergie mCube Pro Inflight
1561,Fukubukuro 4: #fukubukuro
1562,2-for-Tuesday: JBL OnBeat Mini with Lightning Connector
1563,Built NY Assorted Bundle
1564,Kershaw Shuffle Snow White Knife
1565,Cobra Joyride Smart Charger
1566,Ooma Telo Bundle (Refurbished)
1567,TOCCs Manhattan Bluetooth Headphones
1568,Foscam IP Camera (Refurbished)
1569,2-for-Tuesday: Contigo 18oz Shake & Go Tumblers
1570,Sphero Limited Edition 2.0 (Refurbished) with Nubby Cover
1571,Innergie mCube Mini 90 Laptop Power Adapter
1572,AudioSource Outdoor Rock Speaker Pair
1573,"Emerson 39"" 1080p TV (Refurbished)"
1574,Almost Blank Meh American Apparel Shirt
1575,"Dyson DC41 Base, Animal, or Animal Frankenstein (Refurbished)"
1576,2-for-Tuesday: JLab Hi-Fi Noise-Reducing Ear Buds
1577,Cobra iRadar Detector and CobraTag Device Locator
1578,Pure Comfort Air Bed & Pump
1579,As Seen On TV Bundle
1580,JBL OnBeat Micro Speaker Dock with Lightning Connector
1581,Cool Gear Stay Fit 3-Piece Set
1582,2-for-Tuesday: Schrade G10 Tanto Serrated Knife
1583,Cobra Power Inverter
1584,ChargeIt! Jump Power Pack & Jump Starter
1585,Chantal Stainless Steel Kettle with Trigger Whistle
1586,Moneual UV-C Sanitizing Vacuum
1587,Shun 4-Piece Knife Block Set
1588,Oregon Scientific One-Touch Heart Rate Monitor with Calorie Counter
1589,2-for-Tuesday: Cobra NOAA Weather Radios
1590,Dog Toy Bundle
1591,Hamilton Beach Personal Iced Coffee & Tea Brewer
1592,Jawbone UP Fitness Tracker
1593,Vermont American Tool Bundle
1594,Accu Force 3.5 Channel Helicopter
1595,AA Alkaline Batteries 40-Pack
1596,Cyber Acoustics 2.1 Bluetooth Speakers
1597,Bormioli Rocco Toscana Champagne Flutes (Set of 4)
1598,Shark Rotator Vac-or-Steam Cleaner (Refurbished)
1599,SteelSeries Stratus iOS MFi Wireless Gaming Controller
1600,Smart Planet Eco Ceramic Mug
1601,"Samsung 28"" 4K Monitor (Refurbished)"
1602,2-for-Tuesday: JBL OnBeat Micro Speaker Docks with Lightning Connector
1603,iRobot Roomba 790
1604,Ukulele for Dummies Starter Pack
1605,Flying RC Battle Robots with Gyro (2-Pack)
1606,Beats by Dre Solo2 On-Ear Headphones
1607,350 Thread Count Down Alternative Jumbo Pillows (Set of 4)
1608,2-for-Tuesday: Urge Basics Precision Touchscreen Gloves
1609,"AOC 16"" USB Monitor (Refurbished)"
1610,SiliconDust HDHomeRun PRIME (Refurbished)
1611,Kershaw Funxion Outdoor Knife with Saw Blade
1612,"Meh Farm to Table Bundle: Apron, Knife, Roaster & Thermometer"
1613,Fukubukuro 3: We Could Try Harder
1614,iRobot Roomba 560 (Refurbished)
1615,"Emergency Roadside Kit, Luxury OEM"
1616,2-for-Tuesday: Contigo 18oz Shake & Go Tumblers
1617,4-Pack 10ft Bungee Micro USB or Lightning Cables
1618,Capresso 12-Cup Coffee Maker
1619,JBL OnBeat Mini iPhone/iPad Portable Speaker Dock
1620,Archos 97 Titanium HD Screen Android Tablet
1621,Razer Tiamat 2.2 Gaming Headset (Refurbished)
1622,Palo Alto Rhombus Speaker
1623,SOLO Sentinel Backpack for Technology and Stuff
1624,"AOC 22"" IPS Panel Monitor (Refurbished)"
1625,Hamilton Beach K-Cup Flexbrew (Refurbished)
1626,IOGEAR Multi-Link Bluetooth Keyboard with Touchpad (Refurbished)
1627,Microfiber Comforter
1628,JBL OnBeat Micro Speaker Dock with Lightning Connector
1629,Fujitsu G+ High Tech AA Alkaline Batteries
1630,Kalorik 4-Quart Deep Fryer
1631,2-for-Tuesday: Speck Candyshell Cases for iPad Mini
1632,Complete Aquarium Kits 10L (small) or 20L (medium)
1633,Couch Keyboard with Trackball (Refurbished)
1634,JBL Portable iPad Air 2 / iPad mini 3 Audio Station
1635,Oneida 20 Piece Flatware Set
1636,Canon EOS Rebel T5 DSLR with EF-S 18-55mm Lens
1637,Amethyst Speaker Dock & Bluetooth Connect
1638,Zwilling J.A. Henckels 6-Piece Knife Block Set
1639,As Seen On TV Bundle
1640,Contigo Autoseal Swish 17oz Water Bottle
1641,2-for-Tuesday: iRobot Roomba 560's (Refurbished)
1642,Flying RC Battle Bots
1643,Bluetooth Home Connect Audio Receiver
1644,Disposable Bluetooth Speaker
1645,2-for-Tuesday: Adequate Gift
1646,Belkin Bluetooth Keyboard
1647,ADG Secure Vault Safes
1648,"Dyson DC41 Base, Animal, or Animal Frankenstein's Monster (Refurbished)"
1649,Philips Blu-ray Player (Refurbished)
1650,"2-for-Tuesday: 39"" Emerson 1080p TV's (Refurbished)"
1651,HP Pavilion 500-217C Desktop PC (Refurbished)
1652,iPhone Charger & Sound Embiggener Stand
1653,Sylvania Motion Sensing Outlet
1654,2-for-Tuesday? Oneida Wineglass Sets
1655,Tasco Digital Microscope
1656,MIO Drive + Petite Heart Rate Monitor Watch
1657,Neato XV-21 Vacuum (Refurbished)
1658,2-for-Tuesday: X-Mini KAI Bluetooth Speaker
1659,Vornado Midsize Fan
1660,Tenergy Aluminum Power Bank
1661,Contigo Kids Runabout Autoseal Bottles (2-Pack)
1662,Toshiba AA Alkaline Batteries (40-Pack)
1663,Life Gear Tactical LED Flashlight Set
1664,2-for-Tuesday: Useful Pieces of Plastic and String
1665,Philips Soundbar Home Theater (Refurbished)
1666,iPig or iPup Speaker Dock
1667,Meh American Apparel T-Shirt
1668,Crosley Trio Bluetooth Stereo System
1669,Contigo Monroe Autoseal Travel Mug
1670,2-For-Tuesday: Useful Pieces of Metal
1671,Samsung Chromebook (Refurbished)
1672,Meh Shirt.....and a Speaker Dock
1673,Cuisinart Knife Set and Acrylic Stand
1674,iRobot Roomba 560 (Refurb) or Roomba 790 (New)
1675,"2-for-Tuesday: Oneida Compose Wine Glass Sets (Red, White, Flute, or Stemless)"
1676,"AOC Slim LED Monitor 22"", 23"", or 24"" (Refurbished)"
1677,Palo Alto Cubik HD Speakers
1678,Swann Atom HD 1080P Wearable Action Camera w/ LCD Screen
1679,JBL OnBeat Mini or JBL OnBeat Micro Speaker Dock with Lightning Connector
1680,PowerNow 10k mAh Power Bank
1681,"Dyson DC41 Base, Animal, or Animal Frankenstein (Refurbished)"
1682,Rayovac 60-Pack AA or 48-Pack AAA Alkaline Batteries
1683,Solo Active Laptop Backpack
1684,4-Pack Moscow Mule Mugs
1685,Escali Pico Digital Scale
1686,CleanAirBall Personal Air Filter
1687,Tasco Digital Microscope
1688,2-for-Tuesday:  eWave Automatic Soap & Sanitizer Dispenser
1689,X-Mini KAI Bluetooth Speaker
1690,Speck CandyShell Case for iPad Mini
1691,iRobot Roomba 560 (Refurbished)
